MONTH	BOROUGH	COMMUNITYDISTRICT	REFUSETONSCOLLECTED	PAPERTONSCOLLECTED	MGPTONSCOLLECTED	BOROUGH_ID
2013 / 10	Queens	13	5189.25	505.94	573.44	4
2013 / 10	Brooklyn	7	3341.37	414.57	319.11	3
2013 / 10	Bronx	2	1545.83	72.33	92.12	2
2013 / 10	Queens	10	3785.36	375.29	343.98	4
2013 / 10	Manhattan	2	2167.47	446.13	294.68	1
2013 / 10	Bronx	12	3690.27	339.09	381.15	2
2013 / 10	Brooklyn	15	4670.1	617.78	379.51	3
2013 / 10	Bronx	8	2416.36	335.21	270.49	2
2013 / 10	Queens	3	4729.29	370.45	357.43	4
2013 / 10	Queens	9	4031.75	414.4	377.57	4
2013 / 10	Manhattan	5	1356.06	256.67	163.21	1
2013 / 10	Queens	6	2883.71	418.39	276.38	4
2013 / 10	Brooklyn	8	2651.51	240.25	207.81	3
2013 / 10	Brooklyn	16	1839.83	94.26	105.03	3
2013 / 10	Brooklyn	13	2191.43	164.62	147.91	3
2013 / 10	Brooklyn	11	4870.32	626.3	397.65	3
2013 / 10	Manhattan	8	5832.8	1111.11	668.05	1
2013 / 10	Staten Island	3	5681.46	821.65	601.06	5
2013 / 10	Manhattan	12	5063.32	443.34	414.31	1
2013 / 10	Queens	14	3255.07	220.39	165.16	4
2013 / 10	Brooklyn	2	2408.17	426.28	293.19	3
2013 / 10	Queens	5	4941.91	651.23	546.79	4
2013 / 10	Brooklyn	5	4247.57	234.25	289.23	3
2013 / 10	Bronx	9	4042.62	171.44	226.48	2
2013 / 10	Manhattan	4	2408.54	414.43	321.44	1
2013 / 10	Queens	12	6399	452.02	543.95	4
2013 / 10	Bronx	4	4218.79	177.56	191.3	2
2013 / 10	Brooklyn	10	3384.94	540.34	343.71	3
2013 / 10	Manhattan	10	2847.49	217.68	171.79	1
2013 / 10	Bronx	6	2160.35	109.9	146.37	2
2013 / 10	Queens	8	3704.22	477.25	313.5	4
2013 / 10	Brooklyn	4	3156.12	179.2	234.07	3
2013 / 10	Manhattan	9	2559.65	239.93	184.55	1
2013 / 10	Brooklyn	18	5316.75	572.54	445.09	3
2013 / 10	Staten Island	1	5068.19	605.01	548.49	5
2013 / 10	Brooklyn	17	4218.46	306.46	323.28	3
2013 / 10	Queens	11	3113.11	518.16	331.55	4
2013 / 10	Queens	1	4149.84	542.43	455.86	4
2013 / 10	Bronx	7	3615.58	223.36	276.67	2
2013 / 10	Brooklyn	14	4865.72	441.8	279.2	3
2013 / 10	Queens	2	2855.76	373.25	277.52	4
2013 / 10	Manhattan	11	2254.85	195.46	149.17	1
2013 / 10	Queens	4	4239.15	333.31	282.51	4
2013 / 10	Bronx	1	1950.46	88.26	96.22	2
2013 / 10	Brooklyn	12	6177.63	665.36	346.53	3
2013 / 10	Brooklyn	1	5065.44	502.56	379.69	3
2013 / 10	Manhattan	7	5482.51	1032.68	626.64	1
2013 / 10	Bronx	10	2415.1	313.52	270.15	2
2013 / 10	Bronx	5	3410.39	165.06	225.75	2
2013 / 10	Brooklyn	9	3135.23	222.51	163.78	3
2013 / 10	Queens	7	6621.43	818.04	513.05	4
2013 / 10	Bronx	11	2919.25	274.68	246.56	2
2013 / 10	Brooklyn	3	4033.28	258.41	228.66	3
2013 / 10	Brooklyn	6	2310.19	569.71	359.4	3
2013 / 10	Manhattan	3	3102.04	320.67	256.21	1
2013 / 10	Staten Island	2	4319.37	578.45	436.62	5
2013 / 10	Manhattan	1	1364.36	352.27	195.61	1
2013 / 10	Manhattan	6	3059.12	510.1	356.7	1
2013 / 10	Bronx	3	1853.1	98.8	103.44	2
2014 / 01	Brooklyn	3	3698.77	271.84	246.66	3
2014 / 01	Bronx	7	3485.3	248.1	318.97	2
2014 / 01	Brooklyn	9	2872.09	250.67	198.23	3
2014 / 01	Manhattan	10	2771.1	238.17	204.25	1
2014 / 01	Bronx	11	2691.63	303.67	277.91	2
2014 / 01	Manhattan	2	2123.79	434.66	316.28	1
2014 / 01	Brooklyn	6	2241.11	612.81	419.17	3
2014 / 01	Queens	3	4311.45	410.24	420.49	4
2014 / 01	Bronx	2	1528.9	91.08	109.4	2
2014 / 01	Brooklyn	1	4727.04	520.13	434.56	3
2014 / 01	Bronx	12	3346.55	369.08	446.89	2
2014 / 01	Queens	12	5371.91	472.38	620.06	4
2014 / 01	Manhattan	5	1301.63	245.91	174.49	1
2014 / 01	Bronx	10	2217.51	355.74	311.15	2
2014 / 01	Brooklyn	15	4138.63	622.87	430.58	3
2014 / 01	Queens	5	4407.69	695.29	630.51	4
2014 / 01	Brooklyn	16	1783.89	108.15	119.36	3
2014 / 01	Queens	14	2716.01	223.54	183.2	4
2014 / 01	Manhattan	11	2153.02	217.2	173.6	1
2014 / 01	Queens	11	2492.49	531.09	362.18	4
2014 / 01	Queens	10	3087.86	399.26	408.73	4
2014 / 01	Queens	13	4140.14	520.4	624.72	4
2014 / 01	Bronx	3	1826.94	120.32	117.28	2
2014 / 01	Brooklyn	12	5718.81	708.1	367.34	3
2014 / 01	Brooklyn	13	1988.92	174.21	168.12	3
2014 / 01	Manhattan	7	5211.44	1068.26	755.58	1
2014 / 01	Brooklyn	10	3131.35	568.49	393.39	3
2014 / 01	Staten Island	3	4951.78	959.83	715.94	5
2014 / 01	Queens	6	2617.33	437.4	332.21	4
2014 / 01	Queens	2	2665.38	390.71	325.22	4
2014 / 01	Manhattan	12	4906.04	488.9	494.45	1
2014 / 01	Brooklyn	5	4009.91	254.16	328.86	3
2014 / 01	Brooklyn	8	2468.72	240.36	228.1	3
2014 / 01	Manhattan	8	5494.3	1178.47	781.76	1
2014 / 01	Bronx	5	3326.21	171.76	233.24	2
2014 / 01	Bronx	1	1883.9	82.88	94.42	2
2014 / 01	Manhattan	1	1299.19	386.36	228.14	1
2014 / 01	Manhattan	3	2971.85	357.66	307.73	1
2014 / 01	Bronx	4	4044.98	175.97	201.85	2
2014 / 01	Brooklyn	4	2892.5	204.02	264.51	3
2014 / 01	Queens	8	3237.96	485.78	357.42	4
2014 / 01	Queens	7	5734.7	864.12	573.84	4
2014 / 01	Brooklyn	18	4569.48	582.89	510.27	3
2014 / 01	Manhattan	9	2364.08	281.34	227.51	1
2014 / 01	Brooklyn	11	4560.65	691.49	478.45	3
2014 / 01	Staten Island	1	4311.69	675.1	636.73	5
2014 / 01	Brooklyn	14	4530.37	456.12	320.7	3
2014 / 01	Brooklyn	7	3166.47	435.18	365.71	3
2014 / 01	Queens	4	3992.94	376.9	339.17	4
2014 / 01	Bronx	8	2349.99	329.24	295.21	2
2014 / 01	Bronx	6	2018.38	123.09	151.12	2
2014 / 01	Brooklyn	17	3802.35	308.09	358.21	3
2014 / 01	Brooklyn	2	2332.12	467.06	351.47	3
2014 / 01	Queens	1	3869.36	609.54	542.63	4
2014 / 01	Manhattan	4	2349.36	450.74	397.36	1
2014 / 01	Staten Island	2	3562.23	635.92	518.19	5
2014 / 01	Queens	9	3491.86	436.42	436.88	4
2014 / 01	Manhattan	6	2875.01	532.13	441.52	1
2014 / 01	Bronx	9	3543.7	190.35	257.44	2
2014 / 02	Manhattan	8	4874.67	948.38	620.37	1
2014 / 02	Queens	5	3689.5	544.98	514.87	4
2014 / 02	Manhattan	2	1936.81	362.57	262.54	1
2014 / 02	Bronx	10	1927.71	269.68	241.92	2
2014 / 02	Bronx	5	3079.34	148.03	194.76	2
2014 / 02	Queens	6	2228.71	345.95	262.16	4
2014 / 02	Queens	10	2636.5	325.87	329.19	4
2014 / 02	Bronx	9	3062.44	145.62	185.38	2
2014 / 02	Queens	4	3399.87	281.56	257.79	4
2014 / 02	Queens	13	3440.33	405.5	490	4
2014 / 02	Brooklyn	8	2205.73	199.92	188.04	3
2014 / 02	Staten Island	2	2919.44	471.09	379.56	5
2014 / 02	Brooklyn	5	3489.96	197.31	238.65	3
2014 / 02	Bronx	6	1877.87	89.48	112.77	2
2014 / 02	Queens	1	3276.38	462.64	430.26	4
2014 / 02	Manhattan	11	1907.14	159.52	126.58	1
2014 / 02	Brooklyn	14	3994.73	401.62	272.97	3
2014 / 02	Manhattan	6	2588.87	434.82	346.56	1
2014 / 02	Brooklyn	6	1887.57	484.96	336.29	3
2014 / 02	Manhattan	12	4297.54	348.94	355.16	1
2014 / 02	Queens	9	3011.04	351.25	358.37	4
2014 / 02	Brooklyn	13	1777.04	144.44	132.1	3
2014 / 02	Brooklyn	3	3309.57	212.45	194.22	3
2014 / 02	Bronx	1	1717.79	75.02	79.83	2
2014 / 02	Brooklyn	10	2667.76	450.82	316.62	3
2014 / 02	Manhattan	3	2688.54	260.55	223.25	1
2014 / 02	Bronx	7	3258.51	201.18	244.99	2
2014 / 02	Manhattan	7	4530.13	855.69	606.2	1
2014 / 02	Brooklyn	1	4300.81	415.06	338.78	3
2014 / 02	Brooklyn	7	2735.61	360.38	302.91	3
2014 / 02	Bronx	11	2356.3	233.42	214.44	2
2014 / 02	Brooklyn	15	3583.32	525.23	350.44	3
2014 / 02	Brooklyn	4	2628.26	165.78	215.64	3
2014 / 02	Manhattan	5	1176.21	197.32	139.52	1
2014 / 02	Manhattan	9	2104.03	211.63	182.55	1
2014 / 02	Bronx	8	2092.37	266.91	246.11	2
2014 / 02	Manhattan	10	2346.57	176.94	146.02	1
2014 / 02	Queens	12	4691.25	372.39	499.2	4
2014 / 02	Bronx	3	1662.54	81.7	85.14	2
2014 / 02	Queens	14	2322.93	186.43	144.41	4
2014 / 02	Bronx	12	2857.15	269.16	332.77	2
2014 / 02	Queens	3	3714.59	309.04	334.05	4
2014 / 02	Queens	8	2737.24	386.51	289.88	4
2014 / 02	Queens	7	4850.86	643.38	453.55	4
2014 / 02	Brooklyn	11	3876.61	556.87	393.45	3
2014 / 02	Staten Island	3	3896.72	689.83	499.41	5
2014 / 02	Manhattan	1	1227.61	307.66	187.86	1
2014 / 02	Brooklyn	16	1664.41	77.23	89.13	3
2014 / 02	Brooklyn	2	2030.9	356.75	270.12	3
2014 / 02	Queens	11	2091.87	408.96	292.11	4
2014 / 02	Bronx	4	3750.75	166.41	173.97	2
2014 / 02	Brooklyn	9	2499.56	184.64	143.27	3
2014 / 02	Brooklyn	17	3314.74	246.75	286.61	3
2014 / 02	Brooklyn	12	5141.8	647.52	319.28	3
2014 / 02	Staten Island	1	3546.19	504.56	467.41	5
2014 / 02	Queens	2	2264.07	321.19	270.97	4
2014 / 02	Manhattan	4	2080.72	356.21	308.83	1
2014 / 02	Brooklyn	18	3872.94	478.5	405.57	3
2014 / 02	Bronx	2	1391.07	65.87	79.33	2
2014 / 03	Manhattan	7	4985.19	930.21	638.78	1
2014 / 03	Brooklyn	9	2957.87	222.36	159.77	3
2014 / 03	Queens	7	5788.71	788.45	532.06	4
2014 / 03	Queens	1	3916.84	540.25	493.31	4
2014 / 03	Manhattan	12	4927.94	372.81	377.3	1
2014 / 03	Staten Island	3	4967.29	740.01	539.45	5
2014 / 03	Bronx	11	2784.58	270.93	251.05	2
2014 / 03	Queens	6	2570.87	390.36	283.44	4
2014 / 03	Bronx	6	2136	101.45	119.51	2
2014 / 03	Bronx	9	3708.8	174.81	242.04	2
2014 / 03	Queens	10	3302.88	361.69	360.26	4
2014 / 03	Brooklyn	18	4831.88	537.71	449.69	3
2014 / 03	Manhattan	10	2735.88	190.8	156.12	1
2014 / 03	Bronx	8	2294.58	306.44	262.53	2
2014 / 03	Brooklyn	7	3064.97	384.29	322.2	3
2014 / 03	Manhattan	6	2732.89	455.43	345.87	1
2014 / 03	Bronx	2	1544.48	77.92	90.25	2
2014 / 03	Staten Island	2	3736.34	541.53	414.76	5
2014 / 03	Manhattan	4	2208.57	380.8	311.47	1
2014 / 03	Manhattan	9	2382.63	229.9	201.6	1
2014 / 03	Queens	11	2575.27	478.31	327.94	4
2014 / 03	Brooklyn	6	2126.16	520.43	354.13	3
2014 / 03	Brooklyn	1	5122.66	466.89	389.1	3
2014 / 03	Queens	2	2722.19	355.76	286.25	4
2014 / 03	Brooklyn	12	6202.62	702.4	386.37	3
2014 / 03	Bronx	12	3579.82	337.11	404.14	2
2014 / 03	Queens	5	4448.89	608.82	564.45	4
2014 / 03	Manhattan	1	1280.25	341.44	193.01	1
2014 / 03	Brooklyn	13	2025.37	142.69	137.57	3
2014 / 03	Bronx	3	1871.32	95.88	95.26	2
2014 / 03	Brooklyn	4	2975.31	190.8	246.93	3
2014 / 03	Brooklyn	3	3915.1	243.59	217.42	3
2014 / 03	Manhattan	8	5125.06	1004.95	646.81	1
2014 / 03	Staten Island	1	4691.34	590.95	547.31	5
2014 / 03	Bronx	10	2273.23	302.86	272.8	2
2014 / 03	Bronx	1	1966.89	92.55	95.37	2
2014 / 03	Queens	4	3903.47	308.2	277.54	4
2014 / 03	Brooklyn	5	4154.73	225.23	269.04	3
2014 / 03	Queens	8	3261.55	456.56	327.97	4
2014 / 03	Bronx	4	4235.93	212.93	207.23	2
2014 / 03	Brooklyn	10	3002.6	483.67	338.92	3
2014 / 03	Manhattan	2	1972.42	393.47	272.51	1
2014 / 03	Queens	12	5760.07	453.02	583.51	4
2014 / 03	Brooklyn	15	4188.79	571.62	387.58	3
2014 / 03	Queens	3	4354.6	334.09	350.15	4
2014 / 03	Manhattan	11	2131.73	165.96	137.55	1
2014 / 03	Bronx	5	3474.36	185.54	235.04	2
2014 / 03	Brooklyn	2	2351.56	391.63	290.17	3
2014 / 03	Manhattan	3	2810.29	277.43	239.14	1
2014 / 03	Manhattan	5	1265.32	205.39	141.9	1
2014 / 03	Queens	9	3634.37	402.93	395.34	4
2014 / 03	Queens	13	4426.88	485.26	566.29	4
2014 / 03	Queens	14	2886.03	215.3	168.85	4
2014 / 03	Brooklyn	14	4717.67	459.94	310.78	3
2014 / 03	Brooklyn	8	2593.42	214.48	200.66	3
2014 / 03	Bronx	7	3672.36	232.77	284.49	2
2014 / 03	Brooklyn	11	4395.84	583.35	401.07	3
2014 / 03	Brooklyn	17	3935.18	293.94	319.75	3
2014 / 03	Brooklyn	16	1848.86	95.84	100.54	3
2014 / 04	Queens	9	4105.18	432.63	409.88	4
2014 / 04	Queens	13	5506.03	532.64	604.04	4
2014 / 04	Bronx	12	3904.9	361.32	429.48	2
2014 / 04	Manhattan	3	2990.17	305.14	257.27	1
2014 / 04	Bronx	4	4220.37	218.59	218.77	2
2014 / 04	Brooklyn	3	4077.13	274.99	237.02	3
2014 / 04	Brooklyn	6	2364.66	556.4	364.33	3
2014 / 04	Brooklyn	13	2161.51	177.27	159.6	3
2014 / 04	Manhattan	4	2292.4	398.99	316.39	1
2014 / 04	Bronx	5	3484.34	192.63	247.94	2
2014 / 04	Manhattan	9	2483.99	243.34	206.83	1
2014 / 04	Manhattan	5	1300.48	269.12	165.85	1
2014 / 04	Brooklyn	11	4878.57	667.2	440.33	3
2014 / 04	Queens	1	4246.51	563.43	505.85	4
2014 / 04	Bronx	11	3023.32	284.48	261.54	2
2014 / 04	Staten Island	3	6162.85	841.86	643.43	5
2014 / 04	Bronx	3	1881.67	125.55	121.22	2
2014 / 04	Brooklyn	7	3389.37	422.13	339.82	3
2014 / 04	Manhattan	1	1319.51	329.12	184.75	1
2014 / 04	Manhattan	11	2165.37	207.91	164.08	1
2014 / 04	Manhattan	12	5026.03	434.81	422.58	1
2014 / 04	Brooklyn	15	4614.74	638.61	427.22	3
2014 / 04	Bronx	1	1919.75	98.33	105.3	2
2014 / 04	Queens	5	5088.97	645.53	584.66	4
2014 / 04	Brooklyn	2	2514.03	418.03	307.27	3
2014 / 04	Brooklyn	12	6406.85	701.72	418.12	3
2014 / 04	Manhattan	8	5584.27	1118.36	682.68	1
2014 / 04	Queens	4	4216.23	330.25	284.15	4
2014 / 04	Manhattan	6	2927.23	484.39	345.06	1
2014 / 04	Bronx	7	3665.77	249.41	295.67	2
2014 / 04	Staten Island	2	4446.79	591.52	478.94	5
2014 / 04	Brooklyn	10	3327.32	545.77	358.81	3
2014 / 04	Brooklyn	4	3162.79	191.68	243.36	3
2014 / 04	Queens	2	2893.58	385.43	299.18	4
2014 / 04	Queens	7	6589.31	812.7	566.81	4
2014 / 04	Brooklyn	17	4280.96	325.68	339.95	3
2014 / 04	Queens	12	6614.24	474.7	599.44	4
2014 / 04	Brooklyn	5	4479.4	266.28	310.6	3
2014 / 04	Brooklyn	14	4862.72	449.22	321.04	3
2014 / 04	Manhattan	10	2788.9	229.39	194.3	1
2014 / 04	Queens	10	3847.38	400.05	378.47	4
2014 / 04	Staten Island	1	5413.63	610.6	591.02	5
2014 / 04	Bronx	2	1518.89	74.83	93.47	2
2014 / 04	Queens	11	3133.98	522.57	368.28	4
2014 / 04	Brooklyn	9	3123.1	234.91	180.17	3
2014 / 04	Queens	3	4798.17	358.55	362.66	4
2014 / 04	Brooklyn	16	1931.18	101.45	113.56	3
2014 / 04	Brooklyn	8	2696.06	241.32	223.77	3
2014 / 04	Brooklyn	1	5319.77	503.15	383.1	3
2014 / 04	Queens	8	3742.58	487.35	345.62	4
2014 / 04	Queens	6	2881.37	419.57	292.61	4
2014 / 04	Manhattan	2	2089.72	437.48	303.54	1
2014 / 04	Manhattan	7	5258.65	998.82	644.74	1
2014 / 04	Bronx	6	2202	132.5	157.6	2
2014 / 04	Bronx	8	2425.09	340.21	293.21	2
2014 / 04	Brooklyn	18	5388.17	597.75	473.18	3
2014 / 04	Bronx	9	3862.22	181.93	246.01	2
2014 / 04	Bronx	10	2619.58	319.77	297.1	2
2014 / 04	Queens	14	3208.04	225.43	177.33	4
2014 / 05	Bronx	8	2511.79	331.73	276.69	2
2014 / 05	Manhattan	8	5799.13	1267.17	727.31	1
2014 / 05	Staten Island	2	5047.81	610.83	512.28	5
2014 / 05	Manhattan	9	2711.99	329.84	246.27	1
2014 / 05	Brooklyn	12	6425.33	732.04	383.06	3
2014 / 05	Manhattan	11	2311.43	188.48	147.43	1
2014 / 05	Manhattan	4	2421.58	512.44	382.83	1
2014 / 05	Manhattan	3	3145.38	354.87	289.27	1
2014 / 05	Queens	10	4449.66	416.84	381.94	4
2014 / 05	Brooklyn	14	5115.68	451.66	294.58	3
2014 / 05	Brooklyn	13	2310.08	168.11	158.52	3
2014 / 05	Manhattan	2	2185.15	432.69	272.65	1
2014 / 05	Manhattan	6	3112.82	647.98	418.11	1
2014 / 05	Brooklyn	7	3520.05	426.91	347.02	3
2014 / 05	Queens	12	7595.06	512.3	648.59	4
2014 / 05	Brooklyn	15	4871.26	624.68	407.46	3
2014 / 05	Brooklyn	11	5140.08	671.42	436.96	3
2014 / 05	Brooklyn	9	3259.57	267.81	189.26	3
2014 / 05	Brooklyn	17	4642.02	329.29	347.59	3
2014 / 05	Brooklyn	6	2448.59	604.94	400.92	3
2014 / 05	Staten Island	1	6037.64	641.01	640.1	5
2014 / 05	Queens	1	4472.98	595.53	497.55	4
2014 / 05	Queens	11	3530.96	542.09	368.78	4
2014 / 05	Bronx	11	3299.16	304.2	276.38	2
2014 / 05	Brooklyn	1	5378.65	555.47	406.97	3
2014 / 05	Queens	4	4495.04	362.51	302.32	4
2014 / 05	Brooklyn	3	4361.88	257.77	230.43	3
2014 / 05	Manhattan	7	5503.09	1194.38	689.51	1
2014 / 05	Bronx	1	1992.37	87.75	91.94	2
2014 / 05	Brooklyn	2	2626.64	423.05	308.69	3
2014 / 05	Bronx	5	3624.27	195.85	243.84	2
2014 / 05	Queens	5	5466.16	685.53	596.88	4
2014 / 05	Bronx	12	4272.35	370.36	439.08	2
2014 / 05	Bronx	7	3771.01	237.09	293.34	2
2014 / 05	Queens	3	5243.63	409.65	379.17	4
2014 / 05	Brooklyn	8	2821.46	216.22	193.92	3
2014 / 05	Manhattan	5	1373.9	274.37	155.18	1
2014 / 05	Queens	9	4544.02	440.03	415.71	4
2014 / 05	Manhattan	1	1410.86	411.08	225.84	1
2014 / 05	Bronx	10	2831.66	360.04	337.52	2
2014 / 05	Manhattan	12	5248.6	454.37	432.69	1
2014 / 05	Queens	7	7247.05	896.26	596.31	4
2014 / 05	Queens	2	3077.1	400.55	302.7	4
2014 / 05	Bronx	4	4375.11	185.4	208.56	2
2014 / 05	Bronx	3	1885.34	86.43	94.2	2
2014 / 05	Brooklyn	18	6044.33	626.92	503.14	3
2014 / 05	Staten Island	3	6919.23	871.2	716.34	5
2014 / 05	Queens	14	3538.54	253.97	202.5	4
2014 / 05	Brooklyn	16	2036.97	114.1	125.76	3
2014 / 05	Bronx	2	1585.93	97.24	119.53	2
2014 / 05	Queens	13	6396.8	589.81	650.01	4
2014 / 05	Bronx	6	2249.43	99.97	131.56	2
2014 / 05	Brooklyn	5	4862.05	244.21	289.29	3
2014 / 05	Queens	8	4051.23	521.9	342.81	4
2014 / 05	Manhattan	10	2935.17	236.7	190.02	1
2014 / 05	Queens	6	3029.26	464.41	292.1	4
2014 / 05	Brooklyn	10	3477.19	545.17	366.85	3
2014 / 05	Bronx	9	4131.68	214.65	269.1	2
2014 / 05	Brooklyn	4	3406.61	211.21	253.41	3
2014 / 06	Manhattan	6	2822.76	522.99	334.64	1
2014 / 06	Queens	11	3245.45	557.42	378.87	4
2014 / 06	Bronx	11	3120.39	304.11	276.88	2
2014 / 06	Bronx	12	3988.87	382.4	449.73	2
2014 / 06	Queens	1	4251.45	613.29	520.09	4
2014 / 06	Queens	6	2873.51	449.38	285.69	4
2014 / 06	Bronx	6	2136.04	105.15	134.59	2
2014 / 06	Brooklyn	18	5780.18	608.52	491.41	3
2014 / 06	Staten Island	2	4817.62	621.27	544.03	5
2014 / 06	Bronx	2	1516.62	79.34	98.71	2
2014 / 06	Staten Island	3	6344.31	848.98	740.24	5
2014 / 06	Manhattan	8	5341.51	1183.36	641.47	1
2014 / 06	Brooklyn	2	2443.83	440.45	296.82	3
2014 / 06	Bronx	3	1816.16	101	100.13	2
2014 / 06	Brooklyn	17	4590.32	332	360.2	3
2014 / 06	Manhattan	7	5134.73	1114.26	664.37	1
2014 / 06	Brooklyn	10	3382.01	565.19	371.25	3
2014 / 06	Manhattan	9	2493.46	257.17	195.4	1
2014 / 06	Manhattan	4	2269.74	434.53	314.6	1
2014 / 06	Brooklyn	4	3214.86	219.55	254.43	3
2014 / 06	Bronx	10	2617.88	331.14	313.53	2
2014 / 06	Bronx	7	3629.73	251.13	307.12	2
2014 / 06	Manhattan	12	5034.5	404.19	394.09	1
2014 / 06	Brooklyn	9	3155.35	221.63	165.74	3
2014 / 06	Queens	5	4945.74	678.44	592.27	4
2014 / 06	Queens	13	5997.35	563.48	649.7	4
2014 / 06	Queens	10	4239.52	440.63	402.87	4
2014 / 06	Bronx	8	2383.06	324.8	281.52	2
2014 / 06	Queens	4	4343.35	362.53	280.28	4
2014 / 06	Bronx	9	3863.37	196.52	254.6	2
2014 / 06	Brooklyn	16	1972.24	98.85	107.55	3
2014 / 06	Queens	9	4283.27	476.81	429.44	4
2014 / 06	Queens	14	3473.47	236.93	187.22	4
2014 / 06	Manhattan	3	2974.36	315.54	240.21	1
2014 / 06	Brooklyn	1	4985.95	488.78	382.09	3
2014 / 06	Brooklyn	15	4565.32	608.08	401.5	3
2014 / 06	Manhattan	5	1286.84	257.19	143.91	1
2014 / 06	Staten Island	1	5764.72	650.15	687.27	5
2014 / 06	Brooklyn	3	4173	267.58	240	3
2014 / 06	Queens	2	2913.09	416.7	293.27	4
2014 / 06	Brooklyn	5	4550.41	260.16	312.28	3
2014 / 06	Manhattan	2	2037.28	457.19	292.87	1
2014 / 06	Manhattan	1	1283.46	356.05	205.61	1
2014 / 06	Brooklyn	12	6103.15	678.72	367.81	3
2014 / 06	Bronx	4	4178.95	208.87	228.81	2
2014 / 06	Brooklyn	13	2208.13	167.12	151.96	3
2014 / 06	Brooklyn	14	4940.11	479.11	320.14	3
2014 / 06	Brooklyn	6	2226.85	592.04	392.97	3
2014 / 06	Manhattan	10	2835.23	217.27	171.73	1
2014 / 06	Queens	7	6870.55	881.37	594.08	4
2014 / 06	Brooklyn	7	3348.9	456.56	355.63	3
2014 / 06	Brooklyn	11	4937.02	659.94	429.8	3
2014 / 06	Queens	8	3803.46	512.88	344.49	4
2014 / 06	Brooklyn	8	2792.22	249.17	223.58	3
2014 / 06	Manhattan	11	2228.99	194.77	141.48	1
2014 / 06	Queens	12	7260.22	513.16	655.32	4
2014 / 06	Queens	3	4933.8	392.35	358.83	4
2014 / 06	Bronx	5	3425.57	192.13	248.6	2
2014 / 06	Bronx	1	1949.72	105.75	108.56	2
2014 / 07	Queens	9	4547.36	463.94	443.03	4
2014 / 07	Manhattan	10	2998.75	247.28	198.64	1
2014 / 07	Bronx	11	3310.56	309.95	284.15	2
2014 / 07	Brooklyn	8	2851.72	255.3	233.17	3
2014 / 07	Queens	14	3717.8	238.5	209	4
2014 / 07	Brooklyn	15	4535.46	573.25	390.91	3
2014 / 07	Queens	6	3064.81	442.35	298.39	4
2014 / 07	Brooklyn	13	2344.71	171.97	161.44	3
2014 / 07	Bronx	10	2766.05	329.26	323.05	2
2014 / 07	Brooklyn	14	5075.49	417.67	291.16	3
2014 / 07	Manhattan	8	5203.59	1042.12	631.22	1
2014 / 07	Brooklyn	9	3226.07	224.61	178.98	3
2014 / 07	Brooklyn	1	4484.29	464.02	411.39	3
2014 / 07	Bronx	4	4485.96	209.94	232.54	2
2014 / 07	Brooklyn	3	4234.25	276.34	259.78	3
2014 / 07	Brooklyn	18	6178.1	598.42	523.54	3
2014 / 07	Staten Island	3	6218.99	835.91	751.86	5
2014 / 07	Queens	12	7725.53	522.92	694.14	4
2014 / 07	Bronx	6	2311.36	130.65	164.44	2
2014 / 07	Staten Island	1	5798.99	633.88	680.35	5
2014 / 07	Queens	13	6347.86	587.22	699.65	4
2014 / 07	Brooklyn	7	3557.73	435.88	359.56	3
2014 / 07	Bronx	1	2037.55	100.89	106.57	2
2014 / 07	Bronx	8	2540.17	348.48	304.46	2
2014 / 07	Manhattan	7	5053.34	981.19	616.97	1
2014 / 07	Brooklyn	5	5015.73	274.44	336.16	3
2014 / 07	Queens	2	3136.08	422.98	315.66	4
2014 / 07	Queens	10	4453.74	419.63	404.1	4
2014 / 07	Queens	1	4486	578.4	524.51	4
2014 / 07	Brooklyn	11	5264.6	661.45	443.37	3
2014 / 07	Brooklyn	17	4907.07	343.76	386.21	3
2014 / 07	Manhattan	6	2939.06	496.5	360.39	1
2014 / 07	Manhattan	5	1305.35	268.39	160.94	1
2014 / 07	Queens	5	5052.41	684.38	609.45	4
2014 / 07	Bronx	2	1640.73	86.37	109.89	2
2014 / 07	Bronx	7	3876.22	266.4	326.48	2
2014 / 07	Manhattan	12	5172.43	481.37	477.92	1
2014 / 07	Manhattan	3	3126.06	327.12	274.03	1
2014 / 07	Bronx	12	4351.22	391.9	479.23	2
2014 / 07	Manhattan	1	1300.07	300.09	182.04	1
2014 / 07	Brooklyn	2	2437	396.85	302.03	3
2014 / 07	Queens	7	7254.36	857.61	601.94	4
2014 / 07	Queens	8	4084.54	498.21	343.26	4
2014 / 07	Bronx	9	4136.65	206.97	269.59	2
2014 / 07	Brooklyn	10	3506.2	548.21	375.15	3
2014 / 07	Manhattan	4	2334.34	400.77	332.68	1
2014 / 07	Manhattan	11	2290.36	217.65	170.18	1
2014 / 07	Manhattan	2	1973.52	403.52	281.32	1
2014 / 07	Queens	4	4688.39	382.58	306.23	4
2014 / 07	Brooklyn	4	3430.37	212.67	264.03	3
2014 / 07	Bronx	3	1964.93	129.53	126.36	2
2014 / 07	Brooklyn	6	2294.57	535.2	373.4	3
2014 / 07	Staten Island	2	4750.21	611.8	541.51	5
2014 / 07	Bronx	5	3713.38	189.82	258.94	2
2014 / 07	Queens	11	3292	535.55	387.37	4
2014 / 07	Brooklyn	12	5326.39	567.76	328.45	3
2014 / 07	Manhattan	9	2563.04	244.79	201.66	1
2014 / 07	Brooklyn	16	2150.61	100.85	122.22	3
2014 / 07	Queens	3	5314.28	406.01	391.38	4
2014 / 08	Staten Island	3	5525.94	743.99	643.01	5
2014 / 08	Bronx	1	1890.07	89.65	98.87	2
2014 / 08	Brooklyn	6	2057.98	522.43	345.5	3
2014 / 08	Queens	5	4718.56	623.57	551.86	4
2014 / 08	Manhattan	7	4722.18	910.38	597.07	1
2014 / 08	Brooklyn	11	4855.59	622.69	417.42	3
2014 / 08	Manhattan	9	2419.1	285.5	216.82	1
2014 / 08	Queens	7	6628.54	823.34	567.3	4
2014 / 08	Bronx	10	2445.81	311.95	300.26	2
2014 / 08	Brooklyn	9	3025.22	224.26	183.1	3
2014 / 08	Brooklyn	14	4693.38	398.57	285.36	3
2014 / 08	Brooklyn	13	2205.18	158.24	152.16	3
2014 / 08	Bronx	4	4118.33	195.91	227.85	2
2014 / 08	Bronx	6	2106.3	101.71	127.92	2
2014 / 08	Staten Island	2	4145.21	526.31	457.04	5
2014 / 08	Queens	9	4054.29	417.5	387.74	4
2014 / 08	Manhattan	3	2955.95	311.16	255.11	1
2014 / 08	Queens	1	4058.24	531.39	482.7	4
2014 / 08	Queens	13	5712.56	530.1	608.39	4
2014 / 08	Brooklyn	3	3947.99	249.68	222.8	3
2014 / 08	Manhattan	6	2786.02	482.69	349.21	1
2014 / 08	Bronx	3	1786.52	99.27	105.86	2
2014 / 08	Staten Island	1	5093.81	578.67	578.23	5
2014 / 08	Bronx	8	2308.37	312.26	264.04	2
2014 / 08	Manhattan	5	1226.94	214.54	136.02	1
2014 / 08	Bronx	5	3431.87	187.33	252.98	2
2014 / 08	Manhattan	12	4862.75	407.96	408.31	1
2014 / 08	Manhattan	2	1880.64	346.41	246.73	1
2014 / 08	Bronx	12	3902.13	367.4	441.29	2
2014 / 08	Brooklyn	7	3279.8	399.13	326.44	3
2014 / 08	Brooklyn	10	3170.51	500.36	338.95	3
2014 / 08	Manhattan	8	4796.07	963.56	603.66	1
2014 / 08	Manhattan	1	1208.04	319.9	184.95	1
2014 / 08	Bronx	2	1511.43	83.55	105.47	2
2014 / 08	Brooklyn	17	4474.24	313.05	355.58	3
2014 / 08	Queens	8	3720.33	469.5	312.76	4
2014 / 08	Brooklyn	15	4218.41	527.52	362.26	3
2014 / 08	Brooklyn	2	2290.47	374.93	276.4	3
2014 / 08	Brooklyn	16	2011.34	102.17	117.3	3
2014 / 08	Manhattan	11	2116.76	180.65	143.7	1
2014 / 08	Brooklyn	18	5587.93	556.5	477.88	3
2014 / 08	Queens	6	2814.16	421.95	270.7	4
2014 / 08	Bronx	11	2982.66	286.25	263.83	2
2014 / 08	Brooklyn	8	2692.54	219.09	194.33	3
2014 / 08	Manhattan	10	2769.91	219.03	175.5	1
2014 / 08	Manhattan	4	2203.35	408.47	343.11	1
2014 / 08	Queens	2	2822.7	383.01	278.25	4
2014 / 08	Brooklyn	1	4259.51	442.97	346.96	3
2014 / 08	Queens	11	3016.28	489.79	335.09	4
2014 / 08	Brooklyn	4	3157.03	200.08	244.24	3
2014 / 08	Queens	14	3399.45	226.11	185.69	4
2014 / 08	Bronx	7	3552.22	231.18	306.45	2
2014 / 08	Brooklyn	5	4462.57	236.63	288.35	3
2014 / 08	Bronx	9	3786.75	187.1	253.11	2
2014 / 08	Queens	4	4286.51	334.44	279.64	4
2014 / 08	Queens	3	4854.09	377.29	351.5	4
2014 / 08	Queens	10	3899.81	374.34	345.57	4
2014 / 08	Queens	12	6923.28	479.52	616.93	4
2014 / 08	Brooklyn	12	4888.11	532.39	302.2	3
2014 / 09	Queens	10	3857.48	380.23	348.23	4
2014 / 09	Bronx	7	3629.29	238.39	306.12	2
2014 / 09	Brooklyn	17	4385.79	306.41	349.75	3
2014 / 09	Queens	5	4784.57	630.29	549.14	4
2014 / 09	Bronx	12	3835.04	350.44	427.34	2
2014 / 09	Bronx	2	1514.95	71.35	94.5	2
2014 / 09	Bronx	3	1808.89	109.9	111.79	2
2014 / 09	Bronx	8	2386.91	342.65	291.63	2
2014 / 09	Bronx	10	2493.67	312.76	286.39	2
2014 / 09	Brooklyn	14	5020.23	467.93	299.76	3
2014 / 09	Manhattan	12	5051.32	435.93	408.98	1
2014 / 09	Brooklyn	4	3157.94	195.84	238.69	3
2014 / 09	Brooklyn	13	2197.92	159.98	150.85	3
2014 / 09	Queens	9	4040.02	427.68	385.56	4
2014 / 09	Manhattan	9	2517.08	263.13	195.65	1
2014 / 09	Bronx	1	1916.37	108.07	109.37	2
2014 / 09	Bronx	6	2131.22	114.9	143.51	2
2014 / 09	Staten Island	2	4262.39	540.41	454.47	5
2014 / 09	Brooklyn	15	4571.29	596.51	389.85	3
2014 / 09	Manhattan	10	2804.51	231.36	180.28	1
2014 / 09	Queens	13	5438.24	510.65	573.33	4
2014 / 09	Brooklyn	8	2720.42	248.9	222.92	3
2014 / 09	Manhattan	6	2954.79	476.98	334.26	1
2014 / 09	Manhattan	5	1313.04	256.09	155.5	1
2014 / 09	Manhattan	1	1337.35	345.28	189.28	1
2014 / 09	Bronx	5	3518.76	186.34	252.75	2
2014 / 09	Manhattan	8	5478.29	1132.26	645.03	1
2014 / 09	Queens	1	4126.36	556.33	502.17	4
2014 / 09	Queens	2	2849.88	393.14	285.98	4
2014 / 09	Brooklyn	12	6302.57	715.05	353.75	3
2014 / 09	Brooklyn	10	3324.67	529.58	356.12	3
2014 / 09	Brooklyn	1	5177.4	499.95	365.74	3
2014 / 09	Manhattan	11	2213.2	193.08	145.08	1
2014 / 09	Manhattan	2	2031.92	429.33	282.99	1
2014 / 09	Brooklyn	9	3146.66	223.29	169.35	3
2014 / 09	Brooklyn	5	4373.86	232.04	290.76	3
2014 / 09	Staten Island	1	5188.18	597.05	569.55	5
2014 / 09	Queens	14	3313.86	220.86	164.56	4
2014 / 09	Queens	8	3818.14	474.9	307.12	4
2014 / 09	Queens	7	6666	822.47	559.82	4
2014 / 09	Queens	12	6649.18	456.43	578.75	4
2014 / 09	Manhattan	4	2320.86	420.28	302.43	1
2014 / 09	Brooklyn	7	3279.09	429.14	338.98	3
2014 / 09	Brooklyn	18	5529.35	567.5	465.78	3
2014 / 09	Brooklyn	3	4066.46	286.16	240.58	3
2014 / 09	Manhattan	7	5274.61	1068.15	638.76	1
2014 / 09	Brooklyn	2	2473.36	418.92	280.32	3
2014 / 09	Queens	6	2848.91	414.07	271.65	4
2014 / 09	Queens	3	4852.8	353.38	337.17	4
2014 / 09	Bronx	11	3031.91	288.97	256.35	2
2014 / 09	Bronx	9	3709.85	177.22	234.97	2
2014 / 09	Queens	11	3054.4	513.37	356.34	4
2014 / 09	Staten Island	3	5564.04	746.78	623.27	5
2014 / 09	Bronx	4	4149.55	198.91	230.93	2
2014 / 09	Queens	4	4246.14	328.3	263.28	4
2014 / 09	Brooklyn	11	4994.98	615.32	412.6	3
2014 / 09	Manhattan	3	2999.48	297.81	241.06	1
2014 / 09	Brooklyn	6	2192.85	547.24	354.85	3
2014 / 09	Brooklyn	16	1970.5	89.33	99.97	3
2014 / 10	Queens	12	6468.5	482.03	600.81	4
2014 / 10	Brooklyn	17	4211.66	312.55	337.82	3
2014 / 10	Manhattan	8	5676.3	1235.01	748.62	1
2014 / 10	Bronx	10	2457.55	329.3	301.66	2
2014 / 10	Queens	9	4118.61	430.64	396.34	4
2014 / 10	Bronx	3	1819.19	99.94	110.76	2
2014 / 10	Manhattan	7	5366.57	1182.75	698.72	1
2014 / 10	Manhattan	9	2518.64	288.75	228.88	1
2014 / 10	Manhattan	5	1347.39	270.52	167.95	1
2014 / 10	Staten Island	3	5715.76	867.75	611.09	5
2014 / 10	Brooklyn	10	3331.75	555.37	364.85	3
2014 / 10	Queens	2	2895.81	403.7	295.26	4
2014 / 10	Bronx	8	2407.93	337.79	285.47	2
2014 / 10	Queens	7	6683.48	854.24	568.75	4
2014 / 10	Bronx	12	3735.4	360.56	426.21	2
2014 / 10	Manhattan	4	2393.76	506.02	382.52	1
2014 / 10	Queens	6	2852.75	445.43	293.31	4
2014 / 10	Brooklyn	4	3049.97	199.83	246.99	3
2014 / 10	Brooklyn	9	3214.45	252.35	187.87	3
2014 / 10	Manhattan	12	5044.8	472.83	470.8	1
2014 / 10	Manhattan	2	2149.17	464.97	298.97	1
2014 / 10	Queens	3	4897.03	398.5	374.14	4
2014 / 10	Bronx	7	3573.16	244.71	316.06	2
2014 / 10	Brooklyn	18	5473.81	592.93	474.89	3
2014 / 10	Manhattan	6	3017.69	594.58	424.36	1
2014 / 10	Queens	14	3222.79	234.7	178.49	4
2014 / 10	Brooklyn	14	4990.51	455.24	303.57	3
2014 / 10	Queens	1	4220.38	591.81	516.8	4
2014 / 10	Brooklyn	13	2178.9	175.78	156.13	3
2014 / 10	Bronx	1	1880.43	89.69	94.78	2
2014 / 10	Brooklyn	6	2303.01	618.55	388.18	3
2014 / 10	Queens	8	3751.68	492.14	322.13	4
2014 / 10	Bronx	4	4127.97	187.98	213.28	2
2014 / 10	Brooklyn	16	1959.59	110.35	115.79	3
2014 / 10	Bronx	5	3416.54	178.73	245.9	2
2014 / 10	Queens	5	4942.31	686.67	583.26	4
2014 / 10	Bronx	2	1517.46	86	118.68	2
2014 / 10	Queens	4	4267.39	359.35	296.23	4
2014 / 10	Manhattan	1	1332.81	396.75	222.47	1
2014 / 10	Brooklyn	15	4663.69	625.48	413.32	3
2014 / 10	Brooklyn	2	2542.49	457.25	316.29	3
2014 / 10	Manhattan	11	2230.14	206.53	167.55	1
2014 / 10	Bronx	9	3816.38	190.9	253.01	2
2014 / 10	Brooklyn	1	5153.65	549.44	404.06	3
2014 / 10	Manhattan	10	2832.07	259.46	202.27	1
2014 / 10	Brooklyn	8	2739.85	240.17	209.7	3
2014 / 10	Brooklyn	12	6528.52	714.74	405.3	3
2014 / 10	Staten Island	2	4263.31	608.47	455.83	5
2014 / 10	Queens	10	3849.97	391.92	349.25	4
2014 / 10	Queens	11	3131.1	523.9	354.54	4
2014 / 10	Brooklyn	5	4362.51	242.66	287.82	3
2014 / 10	Queens	13	5382.16	537.77	571.4	4
2014 / 10	Brooklyn	3	4006.65	282.57	242.66	3
2014 / 10	Manhattan	3	3073.33	367.02	294.97	1
2014 / 10	Bronx	11	3063.01	294.05	271.38	2
2014 / 10	Brooklyn	7	3358.65	425.01	350.38	3
2014 / 10	Staten Island	1	5139.6	649.41	564.26	5
2014 / 10	Bronx	6	2133.22	108.46	136.87	2
2014 / 10	Brooklyn	11	5000.86	663.99	438.22	3
2014 / 11	Bronx	12	3499.7	322.23	371.3	2
2014 / 11	Queens	4	3860.97	300.49	250.67	4
2014 / 11	Bronx	11	2890.06	271.35	238.84	2
2014 / 11	Queens	10	3506.78	358.47	318.19	4
2014 / 11	Brooklyn	12	5900.29	648.14	322.13	3
2014 / 11	Bronx	5	3238.51	193.7	235.04	2
2014 / 11	Manhattan	2	2015.56	437.69	278.4	1
2014 / 11	Queens	3	4371.7	327.54	316.49	4
2014 / 11	Manhattan	1	1293.26	331.18	192.39	1
2014 / 11	Manhattan	9	2344.4	257.76	202.57	1
2014 / 11	Manhattan	10	2653.45	208.45	162.06	1
2014 / 11	Bronx	10	2378.88	307.41	267.91	2
2014 / 11	Manhattan	7	5047.27	1095.8	643.91	1
2014 / 11	Staten Island	1	4822.98	601.68	470.17	5
2014 / 11	Queens	14	2782.04	210.88	156.68	4
2014 / 11	Brooklyn	13	1958.68	147.84	130.79	3
2014 / 11	Bronx	6	1974.92	102.75	117.75	2
2014 / 11	Queens	7	6294.2	778.78	509.65	4
2014 / 11	Queens	2	2651.18	363.34	272.16	4
2014 / 11	Queens	6	2706.48	394.84	259.4	4
2014 / 11	Manhattan	8	5397.78	1135.49	683.66	1
2014 / 11	Brooklyn	1	4825.88	450.04	330.21	3
2014 / 11	Queens	13	5039.59	474.34	505.82	4
2014 / 11	Brooklyn	7	3082.48	394.8	314.72	3
2014 / 11	Queens	11	3149.98	475.74	317.33	4
2014 / 11	Brooklyn	6	2137.17	554.69	342.61	3
2014 / 11	Queens	5	4541.44	621.96	527.33	4
2014 / 11	Brooklyn	15	4324.71	572.12	356.66	3
2014 / 11	Manhattan	4	2199.1	423.65	313.9	1
2014 / 11	Queens	1	3895.81	542.82	466.05	4
2014 / 11	Bronx	2	1418.61	61.99	75.67	2
2014 / 11	Bronx	4	3933.02	188.77	203.69	2
2014 / 11	Brooklyn	9	2892.3	216.17	153.48	3
2014 / 11	Manhattan	11	2084.31	194.59	155.07	1
2014 / 11	Queens	12	6055.21	430.3	529.57	4
2014 / 11	Brooklyn	14	4683.93	444.42	284.9	3
2014 / 11	Brooklyn	18	5187.16	537.26	414.57	3
2014 / 11	Bronx	3	1697.15	92.32	97.48	2
2014 / 11	Brooklyn	11	4657.72	599.52	387.94	3
2014 / 11	Brooklyn	4	2836.29	180.2	221.39	3
2014 / 11	Manhattan	5	1248.58	234.54	136.64	1
2014 / 11	Bronx	1	1777.3	84.1	89.6	2
2014 / 11	Staten Island	3	5679.23	767.55	513.92	5
2014 / 11	Brooklyn	17	4080.56	291.16	296.74	3
2014 / 11	Manhattan	6	2882.07	490.23	336.92	1
2014 / 11	Brooklyn	3	3660.54	241.94	202.37	3
2014 / 11	Manhattan	3	2829.77	301.43	246.84	1
2014 / 11	Bronx	7	3411.38	225.57	276.4	2
2014 / 11	Brooklyn	16	1838.78	90.79	100.79	3
2014 / 11	Brooklyn	8	2536.53	225.61	186.34	3
2014 / 11	Bronx	9	3629.95	168.89	225.33	2
2014 / 11	Brooklyn	2	2347.43	420.58	278.79	3
2014 / 11	Staten Island	2	4082.31	545.66	381.45	5
2014 / 11	Brooklyn	5	3898.76	209.28	240.08	3
2014 / 11	Queens	9	3784.7	402.26	362.06	4
2014 / 11	Bronx	8	2339.58	309.2	254.83	2
2014 / 11	Manhattan	12	4699.03	398.92	381.96	1
2014 / 11	Brooklyn	10	3078.53	509.02	329.28	3
2014 / 11	Queens	8	3558.41	445.1	286.06	4
2014 / 12	Brooklyn	4	3122.66	236.77	268.46	3
2014 / 12	Brooklyn	14	5240.67	563.55	342.06	3
2014 / 12	Brooklyn	17	4674.74	398.44	400.32	3
2014 / 12	Staten Island	2	4441.62	738.07	499.37	5
2014 / 12	Manhattan	6	3028.84	577.07	389.3	1
2014 / 12	Manhattan	12	5280.25	542.54	497.57	1
2014 / 12	Brooklyn	3	4154.33	345.98	281.02	3
2014 / 12	Brooklyn	12	6435.73	811.49	385.48	3
2014 / 12	Manhattan	11	2358.81	265.32	195.79	1
2014 / 12	Queens	4	4432.82	418.37	302	4
2014 / 12	Queens	6	2893.27	493.1	314.69	4
2014 / 12	Bronx	3	1972.5	149.09	142.04	2
2014 / 12	Brooklyn	13	2159.06	210.41	165.93	3
2014 / 12	Queens	2	3006.84	488.11	333.24	4
2014 / 12	Manhattan	4	2392.44	483.67	356.66	1
2014 / 12	Queens	12	6860.9	592.93	677.56	4
2014 / 12	Brooklyn	18	5686.97	742.26	535.68	3
2014 / 12	Queens	3	5071.98	450.31	410.71	4
2014 / 12	Manhattan	2	2164.53	532.04	347.43	1
2014 / 12	Queens	5	5080.9	849.65	657.63	4
2014 / 12	Brooklyn	11	5130.41	777.29	471	3
2014 / 12	Brooklyn	9	3251.9	269.89	191.26	3
2014 / 12	Bronx	12	4045.11	444.76	480.29	2
2014 / 12	Brooklyn	7	3425.22	506.13	382.24	3
2014 / 12	Bronx	7	3869.95	312.58	350.43	2
2014 / 12	Brooklyn	5	4659.85	320.08	346.23	3
2014 / 12	Brooklyn	10	3547.5	671.09	408.98	3
2014 / 12	Bronx	2	1617.69	87.48	100.77	2
2014 / 12	Manhattan	8	5624.44	1332.52	765.83	1
2014 / 12	Brooklyn	1	5187.09	564.42	409.53	3
2014 / 12	Queens	11	3312.09	644.28	399.99	4
2014 / 12	Queens	14	3196.43	280.72	192.75	4
2014 / 12	Bronx	1	2035.66	123.92	118.82	2
2014 / 12	Brooklyn	15	4624.29	741.34	434.56	3
2014 / 12	Queens	8	3915.03	592.37	360.22	4
2014 / 12	Bronx	5	3665.32	244.8	283.69	2
2014 / 12	Bronx	10	2602.19	420.11	327.68	2
2014 / 12	Bronx	6	2305.22	153.95	167.16	2
2014 / 12	Brooklyn	2	2497.93	517.66	332.38	3
2014 / 12	Manhattan	3	3101.88	372.39	284.78	1
2014 / 12	Manhattan	10	2979.27	285.94	218.05	1
2014 / 12	Queens	1	4370.97	697.04	571.08	4
2014 / 12	Queens	10	3948.28	503.7	413.32	4
2014 / 12	Brooklyn	8	2864.99	314.92	258.41	3
2014 / 12	Bronx	4	4465.14	255.14	263.5	2
2014 / 12	Manhattan	1	1351.71	378.3	213.01	1
2014 / 12	Manhattan	7	5413.77	1256.78	757.76	1
2014 / 12	Queens	9	4225.51	547.55	451.27	4
2014 / 12	Staten Island	1	5480.69	807.12	614.27	5
2014 / 12	Staten Island	3	6208.28	1070.29	676.25	5
2014 / 12	Queens	7	6847.99	992.46	632.04	4
2014 / 12	Brooklyn	16	2046.98	119.64	121.76	3
2014 / 12	Bronx	9	4111.13	231.27	267.81	2
2014 / 12	Brooklyn	6	2361.3	676.91	409.93	3
2014 / 12	Bronx	8	2602.28	423.55	340.13	2
2014 / 12	Manhattan	9	2596.33	289.99	227.19	1
2014 / 12	Queens	13	5580.32	651.45	661.47	4
2014 / 12	Manhattan	5	1350.71	305.32	171.46	1
2014 / 12	Bronx	11	3182.03	363.03	297.91	2
2015 / 01	Brooklyn	17	3668.88	259.53	307.18	3
2015 / 01	Queens	8	3137.49	393.85	282.65	4
2015 / 01	Brooklyn	11	4372.32	573.33	394.74	3
2015 / 01	Manhattan	1	1303.17	378.83	256.06	1
2015 / 01	Bronx	4	3843.84	172.59	209.86	2
2015 / 01	Manhattan	4	2214.69	474.06	390.45	1
2015 / 01	Queens	1	3679.59	490.18	456.7	4
2015 / 01	Brooklyn	8	2361.22	188.4	173.82	3
2015 / 01	Manhattan	7	5008.54	1083.92	753.6	1
2015 / 01	Bronx	8	2260	302.38	286.88	2
2015 / 01	Queens	6	2509.56	376.71	281.38	4
2015 / 01	Brooklyn	14	4333.85	382.3	276.26	3
2015 / 01	Brooklyn	3	3485.03	222.49	215.02	3
2015 / 01	Queens	12	5269.97	400.04	552.96	4
2015 / 01	Brooklyn	18	4463.93	510.35	433.58	3
2015 / 01	Brooklyn	7	3013.91	362.4	306.62	3
2015 / 01	Manhattan	12	4616.38	460.1	487.88	1
2015 / 01	Brooklyn	15	3860.57	504.8	351.97	3
2015 / 01	Staten Island	1	4126.15	592.77	534.14	5
2015 / 01	Queens	14	2691.08	197.8	166.67	4
2015 / 01	Brooklyn	2	2163.15	377.87	284.82	3
2015 / 01	Brooklyn	12	5608.51	612.37	324.57	3
2015 / 01	Manhattan	3	2836.59	319.66	280.42	1
2015 / 01	Bronx	9	3464.64	197.19	272.93	2
2015 / 01	Manhattan	9	2283.25	279.31	245.42	1
2015 / 01	Queens	2	2643	345.4	284.21	4
2015 / 01	Brooklyn	13	1886.73	138.15	137.78	3
2015 / 01	Brooklyn	1	4697.77	462.53	381.02	3
2015 / 01	Queens	4	3892.56	299.23	281.08	4
2015 / 01	Bronx	7	3317.17	238.23	309.74	2
2015 / 01	Bronx	5	3171.81	162.32	232.32	2
2015 / 01	Queens	11	2431.79	411.61	312.06	4
2015 / 01	Manhattan	10	2614.59	244.56	213.25	1
2015 / 01	Brooklyn	5	3584.01	181.51	242.35	3
2015 / 01	Manhattan	5	1229.74	223.15	148.3	1
2015 / 01	Manhattan	6	2853.66	570.62	464.72	1
2015 / 01	Queens	9	3404.75	374.9	371.83	4
2015 / 01	Brooklyn	16	1660.27	86.62	101.07	3
2015 / 01	Brooklyn	10	2959.33	485	336.46	3
2015 / 01	Bronx	1	1782.71	80.18	91.99	2
2015 / 01	Staten Island	2	3347.03	542.34	432.68	5
2015 / 01	Bronx	12	3209.71	325.73	417.59	2
2015 / 01	Brooklyn	9	2697.83	210.45	164.5	3
2015 / 01	Queens	13	3964.58	456	527.99	4
2015 / 01	Queens	3	4275.01	332.56	352.8	4
2015 / 01	Brooklyn	4	2687	173.85	227.14	3
2015 / 01	Staten Island	3	4591.71	761.77	601.45	5
2015 / 01	Manhattan	2	1949.04	371.42	272.37	1
2015 / 01	Bronx	2	1418.93	115.26	138.17	2
2015 / 01	Queens	5	4230.73	586.79	557.58	4
2015 / 01	Manhattan	11	2090.2	156.92	142.06	1
2015 / 01	Bronx	10	2129.26	308.05	298.78	2
2015 / 01	Bronx	11	2731.6	279.08	280.29	2
2015 / 01	Bronx	6	1957.01	75.22	99.55	2
2015 / 01	Manhattan	8	5215.68	1052.14	738.98	1
2015 / 01	Bronx	3	1694.26	76.64	83.25	2
2015 / 01	Queens	10	3067.09	322.82	323.88	4
2015 / 01	Brooklyn	6	2089.31	501.84	377.72	3
2015 / 01	Queens	7	5622.68	713.92	504.07	4
2015 / 02	Brooklyn	5	3398.82	215.91	292.52	3
2015 / 02	Brooklyn	12	5330.97	742.03	377.56	3
2015 / 02	Brooklyn	10	2655.06	537.35	388.72	3
2015 / 02	Manhattan	10	2324.36	211.86	195.49	1
2015 / 02	Manhattan	2	1825.89	437.61	328.18	1
2015 / 02	Brooklyn	16	1535.59	89.27	112.2	3
2015 / 02	Bronx	11	2234.5	230.48	246.37	2
2015 / 02	Staten Island	3	3776.13	710.42	554.24	5
2015 / 02	Bronx	12	2636.5	278.58	393.76	2
2015 / 02	Queens	7	4833.12	753.73	577.6	4
2015 / 02	Bronx	6	1703.98	111.74	146.1	2
2015 / 02	Brooklyn	13	1732.79	166.76	161	3
2015 / 02	Queens	5	3538.64	597.09	642.51	4
2015 / 02	Bronx	7	2913.22	210.59	296.68	2
2015 / 02	Bronx	4	3405.94	178.22	219.31	2
2015 / 02	Brooklyn	1	4276.01	530.64	451.81	3
2015 / 02	Manhattan	4	1950.6	404.53	353.72	1
2015 / 02	Brooklyn	6	1773.9	583.34	417.77	3
2015 / 02	Queens	3	3497.74	342.97	396.61	4
2015 / 02	Queens	11	2018.49	446.27	355.92	4
2015 / 02	Queens	2	2252.24	377.68	333.98	4
2015 / 02	Bronx	1	1554	93.42	105.01	2
2015 / 02	Brooklyn	3	3170.48	257.1	253.44	3
2015 / 02	Queens	14	2213.82	213.82	188.55	4
2015 / 02	Brooklyn	7	2679.62	435.19	381.24	3
2015 / 02	Staten Island	1	3457.25	549.47	499.48	5
2015 / 02	Queens	1	3102.59	543.49	551.99	4
2015 / 02	Queens	13	3377.19	442.54	572.58	4
2015 / 02	Bronx	9	2986.17	157.56	220.17	2
2015 / 02	Manhattan	1	1185.02	320.83	207.18	1
2015 / 02	Bronx	3	1515.79	102.55	123.39	2
2015 / 02	Brooklyn	2	2060.52	453.5	343.6	3
2015 / 02	Manhattan	3	2514.03	316.05	293.31	1
2015 / 02	Queens	9	2910.01	382.06	418.55	4
2015 / 02	Bronx	2	1266.62	69.14	92.87	2
2015 / 02	Manhattan	8	4734.34	1078.63	783.11	1
2015 / 02	Brooklyn	8	2127.21	239.42	241.04	3
2015 / 02	Brooklyn	11	3981.9	652.67	465.76	3
2015 / 02	Queens	12	4528.13	415.66	614.07	4
2015 / 02	Staten Island	2	2816.56	516.82	413.97	5
2015 / 02	Brooklyn	18	3739.58	527.5	483.75	3
2015 / 02	Queens	4	3332.08	322.53	320.82	4
2015 / 02	Queens	6	2142.45	416.78	313.94	4
2015 / 02	Brooklyn	4	2471.38	195.86	271.53	3
2015 / 02	Manhattan	5	1134.07	260.73	170.27	1
2015 / 02	Bronx	8	1898.16	292.86	289.35	2
2015 / 02	Manhattan	12	3960.27	415.54	466.97	1
2015 / 02	Manhattan	9	1951.83	245.18	222.79	1
2015 / 02	Bronx	10	1764.13	275.1	288.02	2
2015 / 02	Brooklyn	9	2357.04	209.12	185.99	3
2015 / 02	Queens	10	2538.28	344.08	387.88	4
2015 / 02	Brooklyn	14	3944.61	461.36	321.1	3
2015 / 02	Brooklyn	15	3594.92	599.3	426.4	3
2015 / 02	Brooklyn	17	3265.43	267.96	340.48	3
2015 / 02	Manhattan	6	2476.89	459.85	379.63	1
2015 / 02	Manhattan	11	1854.27	207.68	193.57	1
2015 / 02	Bronx	5	2864.46	165.31	240.14	2
2015 / 02	Queens	8	2693.77	435.99	349.9	4
2015 / 02	Manhattan	7	4321.6	1019.58	699.12	1
2015 / 03	Queens	8	3424.52	489.07	336.74	4
2015 / 03	Queens	5	4450.96	618.84	594.33	4
2015 / 03	Brooklyn	12	6723.91	818.16	425.4	3
2015 / 03	Brooklyn	18	4971.42	585.68	467.96	3
2015 / 03	Manhattan	11	2234.5	197.57	167.51	1
2015 / 03	Brooklyn	16	1889.71	90.84	99.4	3
2015 / 03	Bronx	5	3426.32	200.62	265.04	2
2015 / 03	Brooklyn	7	3139.75	420.74	352.93	3
2015 / 03	Queens	4	4018.86	316.94	286.79	4
2015 / 03	Manhattan	8	5238.38	1090.58	690.35	1
2015 / 03	Brooklyn	13	2078.97	167.2	155.21	3
2015 / 03	Brooklyn	1	5502.27	516.88	390.92	3
2015 / 03	Bronx	8	2242.45	327.36	312.11	2
2015 / 03	Brooklyn	8	2693.82	263.41	235.41	3
2015 / 03	Brooklyn	9	3165.52	233.42	178.4	3
2015 / 03	Brooklyn	2	2355.39	429.68	302.77	3
2015 / 03	Staten Island	3	4922	775.39	535.98	5
2015 / 03	Brooklyn	17	4185.42	307.61	340.03	3
2015 / 03	Manhattan	12	4908.47	424.8	438.72	1
2015 / 03	Queens	9	3680.31	434.82	417.2	4
2015 / 03	Manhattan	5	1276.07	261.9	156.06	1
2015 / 03	Manhattan	4	2294.97	389.2	316.28	1
2015 / 03	Brooklyn	4	2937.88	193.83	254.75	3
2015 / 03	Staten Island	2	3710.08	575.87	419.2	5
2015 / 03	Brooklyn	3	3917.64	297.92	265.93	3
2015 / 03	Queens	10	3378.5	379.23	382.07	4
2015 / 03	Bronx	3	1835.9	120.09	128.41	2
2015 / 03	Staten Island	1	4705.5	626.48	526.08	5
2015 / 03	Queens	6	2618.3	400.32	296.72	4
2015 / 03	Brooklyn	5	4289	248.12	303.9	3
2015 / 03	Manhattan	6	2839.08	459.45	350.89	1
2015 / 03	Bronx	10	2245.2	317.15	295.99	2
2015 / 03	Brooklyn	15	4386.08	630.68	423.69	3
2015 / 03	Queens	12	5845.47	482.21	609.29	4
2015 / 03	Bronx	9	3678.27	188.23	247.01	2
2015 / 03	Queens	13	4493.16	514.82	585.25	4
2015 / 03	Brooklyn	11	4645.71	614.11	429.22	3
2015 / 03	Queens	1	3945.12	556.82	525.32	4
2015 / 03	Manhattan	9	2373.98	233.88	204.54	1
2015 / 03	Brooklyn	10	3147.03	523.71	368.34	3
2015 / 03	Bronx	4	4076.43	226.6	244.39	2
2015 / 03	Queens	3	4516.69	343.2	379.4	4
2015 / 03	Bronx	6	2144.24	121.35	145.6	2
2015 / 03	Bronx	1	1933.29	110.87	114.9	2
2015 / 03	Manhattan	10	2809.03	235.09	195.89	1
2015 / 03	Queens	2	2743.38	374.56	304.39	4
2015 / 03	Queens	14	2955.64	236.63	179.25	4
2015 / 03	Bronx	11	2806.43	284.73	264.11	2
2015 / 03	Manhattan	3	2974.58	297.96	253.87	1
2015 / 03	Queens	7	5855.52	811.03	581.49	4
2015 / 03	Brooklyn	6	2111.79	546.58	370.58	3
2015 / 03	Manhattan	1	1328.96	335.65	198.69	1
2015 / 03	Bronx	2	1550.77	81.04	98.27	2
2015 / 03	Bronx	12	3555.67	358.33	435.87	2
2015 / 03	Bronx	7	3582.28	252.33	313.73	2
2015 / 03	Manhattan	7	5046.49	1070.97	672.84	1
2015 / 03	Queens	11	2593.49	506.71	371.97	4
2015 / 03	Manhattan	2	2011.91	416.76	305.18	1
2015 / 03	Brooklyn	14	4876.93	506.88	326.85	3
2015 / 04	Staten Island	1	5332.56	603.47	559.02	5
2015 / 04	Brooklyn	15	4411.23	583.47	419.86	3
2015 / 04	Brooklyn	12	6147.27	673.42	397.42	3
2015 / 04	Bronx	1	1795.42	89.87	101.25	2
2015 / 04	Queens	14	3199.37	218.6	190.07	4
2015 / 04	Manhattan	5	1249.89	260.99	159.92	1
2015 / 04	Manhattan	12	4719.28	468.69	497.99	1
2015 / 04	Manhattan	4	2145.57	430.47	369.15	1
2015 / 04	Queens	13	5310.02	519.57	617.29	4
2015 / 04	Manhattan	8	5294.94	1191.86	756.78	1
2015 / 04	Bronx	10	2509.94	308.28	311.56	2
2015 / 04	Brooklyn	10	3243.5	524.37	367.07	3
2015 / 04	Bronx	12	3720.91	353.41	439	2
2015 / 04	Brooklyn	8	2557	238.18	218.6	3
2015 / 04	Staten Island	3	5942.69	791.72	626.37	5
2015 / 04	Queens	9	4047.67	415.63	428.44	4
2015 / 04	Brooklyn	17	4190.78	310	351.24	3
2015 / 04	Brooklyn	14	4676.49	434.81	307.98	3
2015 / 04	Queens	10	3810.19	380.27	390.87	4
2015 / 04	Manhattan	11	2131.68	210.52	185.23	1
2015 / 04	Brooklyn	5	4358.97	245.73	318.51	3
2015 / 04	Manhattan	2	1982.93	437.14	313.09	1
2015 / 04	Bronx	9	3804.72	189.05	265.99	2
2015 / 04	Brooklyn	11	4826.55	629.24	439.63	3
2015 / 04	Queens	4	4152.57	329.61	303.1	4
2015 / 04	Brooklyn	6	2210.46	544.76	381.65	3
2015 / 04	Manhattan	3	2928.36	343.07	300.71	1
2015 / 04	Brooklyn	1	5132.08	502.5	418.26	3
2015 / 04	Queens	5	4921.58	631.13	636.42	4
2015 / 04	Bronx	6	2034.47	118.75	150.4	2
2015 / 04	Queens	11	3045.75	494.77	373.27	4
2015 / 04	Bronx	2	1459.56	86.67	121.44	2
2015 / 04	Queens	12	6665.41	474.53	647.25	4
2015 / 04	Queens	7	6452.53	798.23	587.99	4
2015 / 04	Brooklyn	13	2088.23	168.77	161.2	3
2015 / 04	Brooklyn	9	2933.32	229.01	183.49	3
2015 / 04	Bronx	5	3297.75	180.83	256.36	2
2015 / 04	Manhattan	7	5001.13	1081.75	696.83	1
2015 / 04	Bronx	3	1751.33	112.58	132.96	2
2015 / 04	Bronx	11	3028.54	275.19	272.08	2
2015 / 04	Brooklyn	2	2418.24	448.09	314.85	3
2015 / 04	Bronx	4	3888.07	194.67	235.41	2
2015 / 04	Bronx	8	2291.84	315.7	298.13	2
2015 / 04	Queens	2	2838.27	365.53	304.47	4
2015 / 04	Queens	1	4065.54	538.38	519.28	4
2015 / 04	Manhattan	9	2261.61	245.75	226.83	1
2015 / 04	Queens	8	3523.56	447.52	343.8	4
2015 / 04	Brooklyn	3	3872.63	279.97	254.61	3
2015 / 04	Brooklyn	16	1893.58	98.31	118.66	3
2015 / 04	Brooklyn	4	2879.19	193.83	260.97	3
2015 / 04	Bronx	7	3464.51	242.56	328.88	2
2015 / 04	Manhattan	10	2615.67	242.48	211.69	1
2015 / 04	Staten Island	2	4345.16	575.42	470.12	5
2015 / 04	Brooklyn	7	3288.97	397.68	351.96	3
2015 / 04	Manhattan	1	1234	334.34	210.56	1
2015 / 04	Brooklyn	18	5375.68	589.27	485.98	3
2015 / 04	Queens	3	4761.44	358.65	397.21	4
2015 / 04	Queens	6	2748.64	415.6	306.84	4
2015 / 04	Manhattan	6	2788.27	510.38	399.76	1
2015 / 05	Staten Island	3	6531.67	761.05	659.73	5
2015 / 05	Queens	3	4894.17	359.28	377.52	4
2015 / 05	Bronx	10	2641.62	306.1	327.08	2
2015 / 05	Queens	4	4235.24	313.36	297.52	4
2015 / 05	Manhattan	1	1352.62	335.61	223.43	1
2015 / 05	Manhattan	9	2496.73	298.89	255.72	1
2015 / 05	Queens	12	7163.01	462.07	648.17	4
2015 / 05	Brooklyn	1	5098.54	466.59	376.9	3
2015 / 05	Brooklyn	11	5048.34	588.84	425.36	3
2015 / 05	Brooklyn	17	4425.66	295.19	345.06	3
2015 / 05	Bronx	6	2088.13	102.4	136.79	2
2015 / 05	Manhattan	2	2036.06	383.61	278.82	1
2015 / 05	Manhattan	7	5109.93	1051.62	670.95	1
2015 / 05	Queens	7	6866.21	794.55	585.83	4
2015 / 05	Brooklyn	15	4651.44	553.87	391.97	3
2015 / 05	Manhattan	5	1292.53	248.72	150.65	1
2015 / 05	Manhattan	6	2884.67	507.79	399.86	1
2015 / 05	Bronx	11	3127.48	270.23	275.7	2
2015 / 05	Manhattan	8	5443.49	1144.57	727.83	1
2015 / 05	Staten Island	2	4703.58	531.61	469.31	5
2015 / 05	Queens	8	3792.92	444.82	329.86	4
2015 / 05	Brooklyn	7	3421.84	383.64	342.4	3
2015 / 05	Bronx	3	1747.45	92.71	115.09	2
2015 / 05	Queens	10	4152.75	353.26	377.62	4
2015 / 05	Brooklyn	18	5768.68	545.25	492.25	3
2015 / 05	Queens	11	3323.21	473.02	368.06	4
2015 / 05	Queens	6	2810.82	395.99	284.82	4
2015 / 05	Brooklyn	16	1966.82	96.3	120.1	3
2015 / 05	Brooklyn	13	2157.77	164.31	158.51	3
2015 / 05	Brooklyn	12	6180.8	636.41	357.74	3
2015 / 05	Bronx	5	3337.44	178.99	257.91	2
2015 / 05	Brooklyn	14	4840.63	413.52	291.38	3
2015 / 05	Bronx	7	3500.85	218.36	310.31	2
2015 / 05	Queens	2	2919.12	367.27	298.99	4
2015 / 05	Bronx	4	3941.55	195.72	236.82	2
2015 / 05	Brooklyn	4	3057.03	185.24	254.28	3
2015 / 05	Brooklyn	10	3346.64	486.68	360.6	3
2015 / 05	Brooklyn	3	4049.98	256.96	242.92	3
2015 / 05	Brooklyn	6	2275.53	547.5	383.74	3
2015 / 05	Brooklyn	2	2487.99	425.59	306.7	3
2015 / 05	Manhattan	3	2992.73	342.05	295.21	1
2015 / 05	Bronx	12	3953.34	334.3	434.89	2
2015 / 05	Manhattan	12	4814.28	436.12	456.24	1
2015 / 05	Queens	5	5140.77	594.49	611.67	4
2015 / 05	Manhattan	10	2725.62	234.15	203.35	1
2015 / 05	Brooklyn	8	2691.69	224.92	197.86	3
2015 / 05	Bronx	9	3930.91	185.71	271.47	2
2015 / 05	Staten Island	1	5483.96	590.38	563.02	5
2015 / 05	Bronx	1	1851.96	86.4	98.33	2
2015 / 05	Bronx	8	2353.08	302.39	279.68	2
2015 / 05	Queens	9	4236.01	389.4	415.16	4
2015 / 05	Brooklyn	9	3014.54	233.87	188.31	3
2015 / 05	Bronx	2	1467.63	80.25	115.51	2
2015 / 05	Manhattan	4	2305.07	469.71	373.49	1
2015 / 05	Queens	1	4121.96	512.36	492.59	4
2015 / 05	Manhattan	11	2246.15	185.26	169.5	1
2015 / 05	Brooklyn	5	4427.35	209.22	282.71	3
2015 / 05	Queens	13	5933.82	511.96	630.21	4
2015 / 05	Queens	14	3344.37	214.64	194.39	4
2015 / 06	Staten Island	2	4821.05	640.88	509.32	5
2015 / 06	Manhattan	4	2460.11	445.13	335.84	1
2015 / 06	Brooklyn	13	2370.67	192.48	172.25	3
2015 / 06	Manhattan	8	5678.1	1166.82	707.02	1
2015 / 06	Manhattan	12	5221.2	470.98	456.43	1
2015 / 06	Brooklyn	5	4987.37	285.18	340.42	3
2015 / 06	Manhattan	1	1412.56	341.4	218.68	1
2015 / 06	Manhattan	9	2575.39	267.62	220.22	1
2015 / 06	Brooklyn	8	3017.39	299.19	266.26	3
2015 / 06	Queens	12	7689.67	553.05	728.6	4
2015 / 06	Brooklyn	14	5324.02	528.02	341.72	3
2015 / 06	Bronx	9	4102.92	200.71	279.2	2
2015 / 06	Bronx	6	2259.1	128.6	156.45	2
2015 / 06	Manhattan	11	2441.88	210.72	168.66	1
2015 / 06	Queens	6	3019.66	449.62	313.34	4
2015 / 06	Queens	11	3439	585.61	418.75	4
2015 / 06	Queens	10	4392.1	450.11	435.91	4
2015 / 06	Bronx	1	2000.49	129.6	130.75	2
2015 / 06	Staten Island	1	5827.83	704.64	633.1	5
2015 / 06	Brooklyn	2	2619.46	496.26	340.24	3
2015 / 06	Brooklyn	9	3321.34	232.25	178.99	3
2015 / 06	Bronx	12	4225.82	394.94	484.88	2
2015 / 06	Queens	3	5362.1	399.18	404.46	4
2015 / 06	Queens	14	3577.02	246.76	202.99	4
2015 / 06	Brooklyn	12	6601.09	753.78	385.23	3
2015 / 06	Brooklyn	10	3625.42	608.08	409.05	3
2015 / 06	Bronx	8	2499.15	362.22	330.96	2
2015 / 06	Bronx	7	3828.45	282.17	345.99	2
2015 / 06	Queens	2	3152.88	444.72	339.52	4
2015 / 06	Queens	8	4112.07	537.94	379.14	4
2015 / 06	Manhattan	10	3026.49	246.08	210.68	1
2015 / 06	Manhattan	7	5408.28	1146.6	707.95	1
2015 / 06	Bronx	5	3649.98	216.5	289.81	2
2015 / 06	Brooklyn	6	2459.5	606.75	420.03	3
2015 / 06	Brooklyn	7	3621.34	492.75	398.08	3
2015 / 06	Brooklyn	17	4891	347.61	398.8	3
2015 / 06	Manhattan	3	3278.24	334.76	275.26	1
2015 / 06	Manhattan	5	1360.19	271.65	160.14	1
2015 / 06	Queens	13	6220.86	580.53	703.72	4
2015 / 06	Bronx	10	2718.83	342.9	329.35	2
2015 / 06	Queens	5	5240.04	718.57	672.63	4
2015 / 06	Queens	1	4456.17	651.47	569.1	4
2015 / 06	Manhattan	6	3024.23	502.49	356.48	1
2015 / 06	Brooklyn	4	3387.85	227.2	283.31	3
2015 / 06	Bronx	3	1913.28	124.99	132.66	2
2015 / 06	Brooklyn	1	5458.06	514.35	411.02	3
2015 / 06	Queens	9	4587.41	515.09	481.74	4
2015 / 06	Brooklyn	3	4408.79	316.22	300.47	3
2015 / 06	Brooklyn	11	5485.02	706.78	478.75	3
2015 / 06	Queens	7	7198.16	920.28	649.37	4
2015 / 06	Queens	4	4584.53	366.76	313.78	4
2015 / 06	Bronx	2	1555.74	81.46	103.9	2
2015 / 06	Brooklyn	16	2195.69	93.18	108.52	3
2015 / 06	Manhattan	2	2148.27	478.55	316.75	1
2015 / 06	Brooklyn	18	6087.47	633.83	529.83	3
2015 / 06	Brooklyn	15	4797.98	652.73	437.26	3
2015 / 06	Bronx	4	4292.55	248.56	278.05	2
2015 / 06	Bronx	11	3284.9	320.1	295.52	2
2015 / 06	Staten Island	3	6520.03	865.63	675.7	5
2015 / 07	Queens	5	4929.89	663.07	664.37	4
2015 / 07	Queens	13	6129.84	550.8	721.2	4
2015 / 07	Brooklyn	7	3467.56	424.41	387.48	3
2015 / 07	Manhattan	3	3113.4	368.46	318.79	1
2015 / 07	Brooklyn	15	4456.4	536.8	425.56	3
2015 / 07	Brooklyn	17	4767.45	324.8	417.85	3
2015 / 07	Bronx	11	3271.87	295.24	298.79	2
2015 / 07	Bronx	1	1961.62	102.96	108.52	2
2015 / 07	Bronx	2	1550.39	105.67	134.33	2
2015 / 07	Bronx	7	3726.65	273.32	346.54	2
2015 / 07	Queens	8	3968.3	497.45	368.83	4
2015 / 07	Brooklyn	9	3116.16	233.64	221.39	3
2015 / 07	Brooklyn	12	5245.95	559.31	336.54	3
2015 / 07	Brooklyn	13	2309.49	185.72	186.14	3
2015 / 07	Bronx	5	3523.06	197.24	276.81	2
2015 / 07	Staten Island	1	5404.23	631.13	635.99	5
2015 / 07	Queens	14	3679.35	247.84	226.2	4
2015 / 07	Bronx	4	4208.01	210.59	245.37	2
2015 / 07	Queens	12	7568.69	508.93	739.06	4
2015 / 07	Queens	1	4251.65	574.87	540.62	4
2015 / 07	Bronx	6	2176.65	123.2	150.97	2
2015 / 07	Brooklyn	16	2127.72	104.75	136.59	3
2015 / 07	Manhattan	8	4865.11	1034.5	679.32	1
2015 / 07	Queens	4	4482.61	382.93	348.49	4
2015 / 07	Queens	7	7105.89	847.04	621.48	4
2015 / 07	Manhattan	9	2401.81	270.8	243.7	1
2015 / 07	Staten Island	3	6005.41	810.41	729.32	5
2015 / 07	Manhattan	4	2255.25	454.5	386.08	1
2015 / 07	Brooklyn	11	5167.94	637.16	474.4	3
2015 / 07	Bronx	3	1886.77	119.49	138.88	2
2015 / 07	Brooklyn	3	4105.33	285.79	292.08	3
2015 / 07	Manhattan	7	4803.06	1026.61	669.94	1
2015 / 07	Manhattan	2	1917.64	385.58	277.79	1
2015 / 07	Queens	11	3241.43	508.19	399.95	4
2015 / 07	Queens	2	3025.27	404.49	329.72	4
2015 / 07	Brooklyn	10	3356.94	531.55	393.27	3
2015 / 07	Staten Island	2	4515.43	582	518.8	5
2015 / 07	Brooklyn	8	2816.51	234.47	236.48	3
2015 / 07	Manhattan	12	4958.2	514.09	514.06	1
2015 / 07	Bronx	9	4014.69	209.68	289.04	2
2015 / 07	Brooklyn	18	5985.48	569.73	571.63	3
2015 / 07	Manhattan	6	2764.4	527.25	408.56	1
2015 / 07	Brooklyn	14	4836.23	413.48	304.98	3
2015 / 07	Manhattan	1	1270.56	352.98	218.46	1
2015 / 07	Brooklyn	5	4927.52	265.32	359.63	3
2015 / 07	Manhattan	10	2926.65	261.57	234.66	1
2015 / 07	Brooklyn	2	2391.33	432.88	328.78	3
2015 / 07	Bronx	10	2642.87	330.79	341.48	2
2015 / 07	Brooklyn	4	3220.02	209.96	281.21	3
2015 / 07	Queens	9	4436.33	454.04	473.86	4
2015 / 07	Manhattan	11	2218.95	217.94	185.44	1
2015 / 07	Queens	3	5289.3	416.95	433.49	4
2015 / 07	Brooklyn	6	2218.85	542.5	401.33	3
2015 / 07	Manhattan	5	1261.7	246.11	157.07	1
2015 / 07	Brooklyn	1	4317.81	465.43	430.51	3
2015 / 07	Bronx	8	2370.58	328.7	312.45	2
2015 / 07	Bronx	12	4210.08	388.88	504.21	2
2015 / 07	Queens	6	2944.66	445.5	324.31	4
2015 / 07	Queens	10	4268.17	404.25	419.04	4
2015 / 08	Manhattan	12	4744.3	425.82	441.43	1
2015 / 08	Manhattan	2	1861.33	387.24	268.31	1
2015 / 08	Brooklyn	10	3117.27	496.61	373.92	3
2015 / 08	Manhattan	9	2343.34	261.35	231.08	1
2015 / 08	Brooklyn	18	5530.62	550.84	508.36	3
2015 / 08	Bronx	2	1465.89	77.08	105.51	2
2015 / 08	Manhattan	10	2780.41	214	199.93	1
2015 / 08	Manhattan	5	1220.4	233.53	137.82	1
2015 / 08	Manhattan	8	4665.41	985.51	639.1	1
2015 / 08	Brooklyn	17	4514.48	311.38	385.86	3
2015 / 08	Brooklyn	2	2327.62	414.44	301.68	3
2015 / 08	Brooklyn	11	4810.19	597.64	445.6	3
2015 / 08	Brooklyn	8	2707.41	237.72	227.41	3
2015 / 08	Manhattan	1	1228.28	324.29	199.1	1
2015 / 08	Brooklyn	1	4333.94	463.39	380.32	3
2015 / 08	Queens	8	3657.11	464	331.91	4
2015 / 08	Queens	9	4122.66	423.65	450.43	4
2015 / 08	Queens	10	3963.37	384.38	386.71	4
2015 / 08	Brooklyn	5	4543	231.62	320.58	3
2015 / 08	Bronx	8	2235.6	304.81	291.39	2
2015 / 08	Bronx	9	3778.65	193.1	272.62	2
2015 / 08	Queens	6	2769.18	415.14	296.63	4
2015 / 08	Queens	3	4844.78	346.76	385.23	4
2015 / 08	Bronx	6	2116.21	103.51	138	2
2015 / 08	Brooklyn	7	3278.12	404.27	363.79	3
2015 / 08	Bronx	12	3857.05	352.5	473.64	2
2015 / 08	Queens	7	6698.48	821.5	595.56	4
2015 / 08	Bronx	4	4005.05	202.03	258.23	2
2015 / 08	Queens	14	3366.8	224.03	200.15	4
2015 / 08	Brooklyn	6	2086.44	501.18	366.41	3
2015 / 08	Manhattan	4	2196.59	402.78	339.25	1
2015 / 08	Brooklyn	9	2959.11	217.14	180.91	3
2015 / 08	Queens	4	4290.62	318.52	306.36	4
2015 / 08	Staten Island	3	5381.62	712.47	619.95	5
2015 / 08	Queens	2	2879.3	377.7	306.41	4
2015 / 08	Brooklyn	4	3086.58	202.69	276.37	3
2015 / 08	Queens	1	4011.54	547.17	512.21	4
2015 / 08	Brooklyn	15	4165.44	522.13	393.95	3
2015 / 08	Queens	12	6959.12	474.97	685.63	4
2015 / 08	Staten Island	1	4996.84	588.58	587.32	5
2015 / 08	Brooklyn	14	4607.7	417.96	315.59	3
2015 / 08	Brooklyn	13	2121.04	161.45	159.91	3
2015 / 08	Bronx	3	1811.97	96.61	125.33	2
2015 / 08	Bronx	10	2447.52	302.3	322.19	2
2015 / 08	Queens	5	4573.47	597.25	605.63	4
2015 / 08	Manhattan	3	2952.91	311.36	274.77	1
2015 / 08	Brooklyn	3	3925.33	262.56	267.08	3
2015 / 08	Brooklyn	12	5075.37	562.02	332.05	3
2015 / 08	Manhattan	11	2140.43	192.39	167.74	1
2015 / 08	Bronx	5	3394.83	193.63	285.74	2
2015 / 08	Queens	11	3031.4	492.87	371.59	4
2015 / 08	Manhattan	7	4628.27	980.21	633.58	1
2015 / 08	Bronx	7	3581.36	239.33	336.66	2
2015 / 08	Queens	13	5652.82	512.44	654.58	4
2015 / 08	Manhattan	6	2718.66	465.44	350.79	1
2015 / 08	Staten Island	2	4121.43	533.7	466.77	5
2015 / 08	Brooklyn	16	2010.8	95.86	124.69	3
2015 / 08	Bronx	11	3035.46	279.28	277.81	2
2015 / 08	Bronx	1	1857.24	102	116.3	2
2015 / 09	Brooklyn	11	5064.24	639.89	459.55	3
2015 / 09	Staten Island	2	4246.84	575.04	481.24	5
2015 / 09	Bronx	7	3594.55	258.78	348.18	2
2015 / 09	Queens	14	3218.14	233.25	204.29	4
2015 / 09	Brooklyn	4	3059.91	202.31	276.46	3
2015 / 09	Queens	13	5520.74	528.97	667.06	4
2015 / 09	Queens	11	3117.56	523.94	395.44	4
2015 / 09	Queens	1	4068.86	567.85	531.86	4
2015 / 09	Queens	2	2961.69	415.06	328.8	4
2015 / 09	Brooklyn	12	6592.78	754.26	398.09	3
2015 / 09	Bronx	1	1894.76	114.79	120.38	2
2015 / 09	Queens	4	4271.71	345.42	321.26	4
2015 / 09	Manhattan	10	2869.65	269.51	223.37	1
2015 / 09	Bronx	8	2311.06	346.96	327.7	2
2015 / 09	Brooklyn	13	2144.55	180.1	178.04	3
2015 / 09	Bronx	3	1808.74	127.59	159.17	2
2015 / 09	Bronx	4	4015.61	205.91	257.29	2
2015 / 09	Manhattan	5	1297.93	294.08	161.91	1
2015 / 09	Brooklyn	5	4631.85	256.86	344.25	3
2015 / 09	Bronx	9	3763.29	197.88	269.95	2
2015 / 09	Bronx	5	3460.19	202.17	292.82	2
2015 / 09	Queens	6	2883.45	439.83	304.06	4
2015 / 09	Manhattan	6	2849.82	551.18	356.08	1
2015 / 09	Brooklyn	10	3229.74	536.96	388.77	3
2015 / 09	Manhattan	7	5078.87	1192.01	655.74	1
2015 / 09	Bronx	11	3051.89	286.26	280.78	2
2015 / 09	Manhattan	2	2006.97	481.02	301.73	1
2015 / 09	Brooklyn	2	2452.96	474.6	324.49	3
2015 / 09	Manhattan	8	5389.91	1235.12	700.48	1
2015 / 09	Manhattan	4	2299.37	462.97	346.82	1
2015 / 09	Brooklyn	16	1973.22	102.87	128.26	3
2015 / 09	Bronx	2	1495.17	81.46	119.18	2
2015 / 09	Brooklyn	14	4998.33	469.16	333.12	3
2015 / 09	Brooklyn	8	2693.83	262.98	247.59	3
2015 / 09	Queens	10	3871.67	381.53	392.39	4
2015 / 09	Bronx	10	2501.29	316.26	323.66	2
2015 / 09	Staten Island	3	5659.55	796.13	629.95	5
2015 / 09	Brooklyn	18	5622.29	588.01	516.46	3
2015 / 09	Manhattan	12	4894.62	485.64	488.89	1
2015 / 09	Brooklyn	1	5202.71	535.76	404.71	3
2015 / 09	Brooklyn	15	4706.15	623.88	433.48	3
2015 / 09	Brooklyn	17	4443.43	317.82	397.31	3
2015 / 09	Brooklyn	6	2213.18	570.52	392.34	3
2015 / 09	Queens	7	6728.51	820.05	602.59	4
2015 / 09	Brooklyn	7	3371.38	442.64	373.9	3
2015 / 09	Manhattan	1	1324.19	365.02	191.46	1
2015 / 09	Queens	9	4068.18	433.69	451.59	4
2015 / 09	Staten Island	1	5087.29	625.84	560.78	5
2015 / 09	Bronx	12	3816.61	371.22	479.6	2
2015 / 09	Brooklyn	9	3156.12	244.53	195.85	3
2015 / 09	Manhattan	3	2978.92	360.92	288.15	1
2015 / 09	Manhattan	9	2434.06	288.48	232.32	1
2015 / 09	Queens	12	6854.23	481.74	694.61	4
2015 / 09	Queens	8	3810.96	476.61	355.43	4
2015 / 09	Bronx	6	2133.94	134.38	174.76	2
2015 / 09	Brooklyn	3	4064.84	325.06	294.13	3
2015 / 09	Queens	3	4909.46	361.77	401.69	4
2015 / 09	Manhattan	11	2256.75	251.43	200.82	1
2015 / 09	Queens	5	4741.95	631.91	633.39	4
2015 / 10	Brooklyn	7	3334.62	423.85	383.52	3
2015 / 10	Bronx	5	3396.85	195.46	277.91	2
2015 / 10	Brooklyn	1	5374.44	572.33	432	3
2015 / 10	Manhattan	9	2438.53	303.54	266.7	1
2015 / 10	Brooklyn	3	3934.14	295.78	267.93	3
2015 / 10	Bronx	10	2502.52	357.81	342.25	2
2015 / 10	Queens	10	3569.48	395.76	381.95	4
2015 / 10	Brooklyn	11	5021.38	648.19	490.3	3
2015 / 10	Bronx	11	3085.15	308.29	286.73	2
2015 / 10	Manhattan	5	1363.02	290.45	158.89	1
2015 / 10	Manhattan	6	2989.87	653.64	444.04	1
2015 / 10	Manhattan	12	4892.01	483.26	502.94	1
2015 / 10	Manhattan	8	5646.58	1337.25	804.3	1
2015 / 10	Bronx	2	1444.86	92.35	139.37	2
2015 / 10	Manhattan	1	1389.37	421.96	257.55	1
2015 / 10	Manhattan	7	5259.5	1307	757.81	1
2015 / 10	Queens	9	3978.48	425.75	443.65	4
2015 / 10	Queens	6	2827.38	454.4	323.71	4
2015 / 10	Brooklyn	13	2072.43	180.72	179.71	3
2015 / 10	Brooklyn	17	4248.11	308.88	364.3	3
2015 / 10	Bronx	12	3688.27	360.63	458.93	2
2015 / 10	Bronx	9	3703.99	205.83	281.18	2
2015 / 10	Bronx	7	3573.61	247.45	346.15	2
2015 / 10	Manhattan	3	3003.18	373.97	320.6	1
2015 / 10	Staten Island	1	4916.53	624.66	552.31	5
2015 / 10	Brooklyn	18	5335.08	578.38	504.26	3
2015 / 10	Queens	5	4837.42	666.62	648.08	4
2015 / 10	Brooklyn	9	3155.97	261.12	202.97	3
2015 / 10	Brooklyn	2	2537.13	491.7	335.62	3
2015 / 10	Manhattan	11	2248.59	205.53	178.81	1
2015 / 10	Bronx	3	1761.17	99.27	123.49	2
2015 / 10	Bronx	8	2345.17	342.39	308.89	2
2015 / 10	Queens	14	3050.64	244.53	210.1	4
2015 / 10	Queens	7	6607.73	843.04	624.52	4
2015 / 10	Queens	3	4929.37	388.35	418.69	4
2015 / 10	Queens	11	3091.75	513.35	395.52	4
2015 / 10	Queens	1	4087.59	581.51	548.6	4
2015 / 10	Queens	2	2956.88	421.2	325.78	4
2015 / 10	Brooklyn	10	3277.67	541.04	406.61	3
2015 / 10	Bronx	6	2065.37	95.97	135.31	2
2015 / 10	Staten Island	2	4137.61	597.93	455.41	5
2015 / 10	Manhattan	2	2105.4	460.46	295.76	1
2015 / 10	Queens	8	3699.03	495.31	351.82	4
2015 / 10	Queens	12	6431.4	489.43	660.86	4
2015 / 10	Bronx	1	1822.34	100.94	113.04	2
2015 / 10	Bronx	4	3990.57	208.47	251.87	2
2015 / 10	Brooklyn	6	2128.73	623.3	423.31	3
2015 / 10	Queens	4	4198.16	342.74	345.61	4
2015 / 10	Brooklyn	12	6471.51	697.24	420.54	3
2015 / 10	Brooklyn	14	4920.69	454.45	330.36	3
2015 / 10	Manhattan	4	2349.4	531.49	403.37	1
2015 / 10	Staten Island	3	5594.41	811.24	624.55	5
2015 / 10	Manhattan	10	2790.3	264.38	223.85	1
2015 / 10	Brooklyn	15	4691.45	619.21	450.96	3
2015 / 10	Brooklyn	16	1948.2	106.47	129.79	3
2015 / 10	Queens	13	5106.58	543.36	638.97	4
2015 / 10	Brooklyn	4	3014.37	212.97	281.09	3
2015 / 10	Brooklyn	8	2636.38	240.06	220.26	3
2015 / 10	Brooklyn	5	4435.72	231.26	303.49	3
2015 / 11	Manhattan	7	5076.65	1142.89	677.42	1
2015 / 11	Brooklyn	16	1912.85	91.97	107.28	3
2015 / 11	Queens	10	3270.72	369.7	376.63	4
2015 / 11	Bronx	11	3096.67	268.47	248.47	2
2015 / 11	Brooklyn	4	2876.34	189.35	250.44	3
2015 / 11	Brooklyn	10	3181.95	510.36	369.24	3
2015 / 11	Manhattan	2	2059.72	458.72	290.23	1
2015 / 11	Brooklyn	8	2619.12	246.4	219.63	3
2015 / 11	Queens	8	3802.24	446.18	312.85	4
2015 / 11	Queens	9	3974.72	403.16	405.16	4
2015 / 11	Bronx	5	3365.69	187.67	275.36	2
2015 / 11	Queens	13	5441.72	479.62	573.28	4
2015 / 11	Queens	1	3979.61	531.33	512.46	4
2015 / 11	Brooklyn	1	4915.01	466.58	358.17	3
2015 / 11	Manhattan	5	1264.79	252.22	140.83	1
2015 / 11	Manhattan	4	2225.56	424	318	1
2015 / 11	Manhattan	8	5269.86	1181.87	693.95	1
2015 / 11	Manhattan	10	2688.2	216.61	182.11	1
2015 / 11	Queens	4	4044.76	305.83	284.49	4
2015 / 11	Bronx	4	3996.12	203.56	249.45	2
2015 / 11	Staten Island	1	5180.71	591.07	506.21	5
2015 / 11	Queens	14	2922.53	209.05	170.52	4
2015 / 11	Staten Island	3	6010.12	744.9	542.42	5
2015 / 11	Brooklyn	11	4843.74	568.39	419.98	3
2015 / 11	Brooklyn	13	1978.57	157.77	156.93	3
2015 / 11	Brooklyn	18	5454.41	533.42	435.85	3
2015 / 11	Staten Island	2	4359.17	537.16	404.69	5
2015 / 11	Bronx	9	3723.58	169.63	239.48	2
2015 / 11	Brooklyn	9	2944.21	217.45	161.03	3
2015 / 11	Bronx	6	2100.54	102.2	137.94	2
2015 / 11	Brooklyn	5	4287.07	222.4	299.79	3
2015 / 11	Bronx	2	1430.97	64	99.27	2
2015 / 11	Brooklyn	7	3182.23	393.75	349.6	3
2015 / 11	Bronx	1	1854.65	98.84	112.19	2
2015 / 11	Queens	5	4647.92	613.11	579.71	4
2015 / 11	Manhattan	6	2760.21	494.59	336	1
2015 / 11	Brooklyn	14	4891.46	445.03	306.65	3
2015 / 11	Brooklyn	2	2417.97	446.22	304.18	3
2015 / 11	Brooklyn	6	2015.91	560.59	368.86	3
2015 / 11	Queens	2	2789.27	376.65	293.78	4
2015 / 11	Bronx	3	1783.64	98.33	126.17	2
2015 / 11	Manhattan	3	2841.07	297.5	251.59	1
2015 / 11	Brooklyn	3	3895.64	279.79	252.31	3
2015 / 11	Bronx	7	3565.84	224.14	324.4	2
2015 / 11	Brooklyn	17	4242.81	286.63	329.77	3
2015 / 11	Queens	11	3437.42	471.08	352.65	4
2015 / 11	Brooklyn	15	4497.28	546.98	390.4	3
2015 / 11	Manhattan	9	2299.18	242.13	213.21	1
2015 / 11	Bronx	12	3789.29	337.49	410.52	2
2015 / 11	Queens	6	2825.16	402.05	283.84	4
2015 / 11	Bronx	10	2484.21	313.18	289.72	2
2015 / 11	Queens	12	6602.46	439.08	597.89	4
2015 / 11	Manhattan	12	4787.37	391.21	413.5	1
2015 / 11	Bronx	8	2307.35	326.3	292.22	2
2015 / 11	Brooklyn	12	6116.59	627.76	332.73	3
2015 / 11	Queens	3	4678.23	336.63	363.4	4
2015 / 11	Manhattan	11	2161.61	197.47	164.42	1
2015 / 11	Queens	7	6625.12	749.73	562.71	4
2015 / 11	Manhattan	1	1278.19	362.14	200.6	1
2015 / 12	Queens	9	4118.77	576.71	509.39	4
2015 / 12	Brooklyn	15	4561.59	749.48	478.89	3
2015 / 12	Queens	6	2894.73	563	364.11	4
2015 / 12	Staten Island	2	4243.25	792.47	527.33	5
2015 / 12	Queens	1	4132.6	706.87	605.71	4
2015 / 12	Queens	11	3128.39	658.55	453.36	4
2015 / 12	Bronx	2	1578.64	126.18	160.01	2
2015 / 12	Brooklyn	4	3065.61	264.39	308.17	3
2015 / 12	Bronx	1	1950.92	126.24	135.61	2
2015 / 12	Manhattan	7	5304.28	1459.87	826.17	1
2015 / 12	Brooklyn	8	2737.62	318.94	271.64	3
2015 / 12	Brooklyn	7	3415.67	515.53	425.58	3
2015 / 12	Manhattan	9	2512.63	292.16	254.85	1
2015 / 12	Queens	5	4935.75	900.11	745.28	4
2015 / 12	Queens	8	3791.66	614.04	387.61	4
2015 / 12	Staten Island	1	5189.45	813.42	634.86	5
2015 / 12	Brooklyn	13	2083.08	207.24	187.76	3
2015 / 12	Bronx	5	3610.38	241.44	311.4	2
2015 / 12	Queens	13	5352.49	708.4	752.46	4
2015 / 12	Staten Island	3	5941.45	1118.37	705.23	5
2015 / 12	Queens	14	3096.38	319.08	227.99	4
2015 / 12	Bronx	12	3964.44	479.59	528.9	2
2015 / 12	Queens	7	6722	1022	708.49	4
2015 / 12	Manhattan	6	3019.21	719.31	465.34	1
2015 / 12	Brooklyn	2	2509.02	550.09	360.61	3
2015 / 12	Brooklyn	14	5108.02	544.35	346.45	3
2015 / 12	Queens	2	3028.53	539.96	380.62	4
2015 / 12	Bronx	9	3962.34	257.6	318.54	2
2015 / 12	Manhattan	8	5576.5	1516	880.95	1
2015 / 12	Bronx	6	2240.75	170.51	196.3	2
2015 / 12	Brooklyn	10	3411.18	690.23	470.82	3
2015 / 12	Bronx	4	4267.4	259.07	287	2
2015 / 12	Bronx	8	2470.71	450.02	393.54	2
2015 / 12	Queens	12	6701.75	643.48	777.79	4
2015 / 12	Manhattan	5	1374.7	351.54	191.06	1
2015 / 12	Manhattan	12	5112.69	644.45	627.68	1
2015 / 12	Queens	3	5063.95	496.69	475.24	4
2015 / 12	Manhattan	4	2343.31	534	390.91	1
2015 / 12	Bronx	10	2608.34	458.26	379.5	2
2015 / 12	Bronx	3	1915.42	167.74	192.68	2
2015 / 12	Brooklyn	5	4677.08	343.7	391.3	3
2015 / 12	Manhattan	2	2075.74	573.13	350.35	1
2015 / 12	Queens	10	3430.71	555.41	472.98	4
2015 / 12	Manhattan	11	2379.51	276.03	222.27	1
2015 / 12	Brooklyn	17	4571.89	424.24	443.44	3
2015 / 12	Manhattan	3	2971.58	413.91	324.21	1
2015 / 12	Manhattan	10	2910.65	333.67	271.9	1
2015 / 12	Brooklyn	6	2091.55	698.03	437.39	3
2015 / 12	Brooklyn	1	5389.13	662.75	494.07	3
2015 / 12	Bronx	11	3221.72	380.53	323.06	2
2015 / 12	Bronx	7	3809.47	342.24	414.32	2
2015 / 12	Brooklyn	16	2101.95	131.11	143.13	3
2015 / 12	Brooklyn	18	5564.78	780.21	586.59	3
2015 / 12	Brooklyn	11	5112.12	787.94	535.54	3
2015 / 12	Brooklyn	12	6494.75	847.49	421.91	3
2015 / 12	Brooklyn	3	4024.24	394.32	332.24	3
2015 / 12	Manhattan	1	1362.89	444.99	245.89	1
2015 / 12	Queens	4	4400.94	447.87	390.71	4
2015 / 12	Brooklyn	9	3131.04	285.42	204.77	3
